-- MySQL dump 10.13  Distrib 5.7.31, for Linux (x86_64)
--
-- Host: localhost    Database: adminpanel2
-- ------------------------------------------------------
-- Server version	5.7.31-0ubuntu0.18.04.1

/*!40101 SET @OLD_CHARACTER_SET_CLIENT=@@CHARACTER_SET_CLIENT */;
/*!40101 SET @OLD_CHARACTER_SET_RESULTS=@@CHARACTER_SET_RESULTS */;
/*!40101 SET @OLD_COLLATION_CONNECTION=@@COLLATION_CONNECTION */;
/*!40101 SET NAMES utf8 */;
/*!40103 SET @OLD_TIME_ZONE=@@TIME_ZONE */;
/*!40103 SET TIME_ZONE='+00:00' */;
/*!40014 SET @OLD_UNIQUE_CHECKS=@@UNIQUE_CHECKS, UNIQUE_CHECKS=0 */;
/*!40014 SET @OLD_FOREIGN_KEY_CHECKS=@@FOREIGN_KEY_CHECKS, FOREIGN_KEY_CHECKS=0 */;
/*!40101 SET @OLD_SQL_MODE=@@SQL_MODE, SQL_MODE='NO_AUTO_VALUE_ON_ZERO' */;
/*!40111 SET @OLD_SQL_NOTES=@@SQL_NOTES, SQL_NOTES=0 */;

--
-- Table structure for table `categories`
--

DROP TABLE IF EXISTS `categories`;
/*!40101 SET @saved_cs_client     = @@character_set_client */;
/*!40101 SET character_set_client = utf8 */;
CREATE TABLE `categories` (
  `id` int(10) unsigned NOT NULL AUTO_INCREMENT,
  `category` varchar(20) COLLATE utf8mb4_unicode_ci DEFAULT NULL,
  `created_at` timestamp NULL DEFAULT NULL,
  `updated_at` timestamp NULL DEFAULT NULL,
  `image` varchar(255) COLLATE utf8mb4_unicode_ci DEFAULT NULL,
  PRIMARY KEY (`id`)
) ENGINE=InnoDB AUTO_INCREMENT=24 DEFAULT CHARSET=utf8mb4 COLLATE=utf8mb4_unicode_ci;
/*!40101 SET character_set_client = @saved_cs_client */;

--
-- Dumping data for table `categories`
--

LOCK TABLES `categories` WRITE;
/*!40000 ALTER TABLE `categories` DISABLE KEYS */;
INSERT INTO `categories` VALUES (15,'FRUITS & VEGETABLES','2020-06-18 20:03:00','2020-07-17 22:37:17','categories/July2020/YLpYDzf9y7SY7KpyvJdb.jpg'),(16,'DAIRY & BAKERY','2020-06-18 20:04:00','2020-07-17 22:43:36','categories/July2020/xjcR910HZS5lW6nhwHdp.jpg'),(17,'STAPLES','2020-06-18 20:04:00','2020-07-17 22:44:44','categories/July2020/H6IqdQOfwbkCM3vG4rgF.jpeg'),(18,'SNACKS FOODS','2020-06-18 20:05:00','2020-07-17 22:45:28','categories/July2020/2mp7yxVP7k0aq7yr1rwP.jpg'),(19,'BEVERAGES','2020-06-18 20:05:00','2020-07-17 22:46:20','categories/July2020/GiJLuCNluKhXIENrmbUC.jpeg'),(20,'PERSONAL CARE','2020-06-18 20:06:00','2020-07-17 22:46:47','categories/July2020/HerjV1z5JnpEOzEWMwHW.jpeg'),(21,'HOME CARE','2020-06-18 20:06:32','2020-06-18 20:06:32',NULL),(22,'BABY CARE','2020-06-18 20:06:53','2020-06-18 20:06:53',NULL),(23,'testing','2020-07-03 11:06:00','2020-07-17 22:38:09','categories/July2020/fM3GvDxFijVGN3aEdq6A.jpg');
/*!40000 ALTER TABLE `categories` ENABLE KEYS */;
UNLOCK TABLES;

--
-- Table structure for table `coupons`
--

DROP TABLE IF EXISTS `coupons`;
/*!40101 SET @saved_cs_client     = @@character_set_client */;
/*!40101 SET character_set_client = utf8 */;
CREATE TABLE `coupons` (
  `id` int(10) unsigned NOT NULL AUTO_INCREMENT,
  `coupon_code` char(10) COLLATE utf8mb4_unicode_ci NOT NULL,
  `status` tinyint(4) NOT NULL DEFAULT '0',
  `created_at` timestamp NULL DEFAULT NULL,
  `updated_at` timestamp NULL DEFAULT NULL,
  `description` varchar(50) COLLATE utf8mb4_unicode_ci DEFAULT NULL,
  `discount` int(11) NOT NULL DEFAULT '0',
  `product_id` int(11) DEFAULT NULL,
  PRIMARY KEY (`id`)
) ENGINE=InnoDB AUTO_INCREMENT=4 DEFAULT CHARSET=utf8mb4 COLLATE=utf8mb4_unicode_ci;
/*!40101 SET character_set_client = @saved_cs_client */;

--
-- Dumping data for table `coupons`
--

LOCK TABLES `coupons` WRITE;
/*!40000 ALTER TABLE `coupons` DISABLE KEYS */;
INSERT INTO `coupons` VALUES (1,'qwerty1234',1,'2020-05-22 01:01:10','2020-05-22 01:01:10','no items',20,NULL),(2,'qwerty1233',0,'2020-05-22 01:05:49','2020-05-22 01:05:49','adasf',0,NULL),(3,'asdasasdad',1,'2020-05-25 04:10:00','2020-06-18 19:45:13','wqeqw',0,23);
/*!40000 ALTER TABLE `coupons` ENABLE KEYS */;
UNLOCK TABLES;

--
-- Table structure for table `data_rows`
--

DROP TABLE IF EXISTS `data_rows`;
/*!40101 SET @saved_cs_client     = @@character_set_client */;
/*!40101 SET character_set_client = utf8 */;
CREATE TABLE `data_rows` (
  `id` int(10) unsigned NOT NULL AUTO_INCREMENT,
  `data_type_id` int(10) unsigned NOT NULL,
  `field` varchar(255) COLLATE utf8mb4_unicode_ci NOT NULL,
  `type` varchar(255) COLLATE utf8mb4_unicode_ci NOT NULL,
  `display_name` varchar(255) COLLATE utf8mb4_unicode_ci NOT NULL,
  `required` tinyint(1) NOT NULL DEFAULT '0',
  `browse` tinyint(1) NOT NULL DEFAULT '1',
  `read` tinyint(1) NOT NULL DEFAULT '1',
  `edit` tinyint(1) NOT NULL DEFAULT '1',
  `add` tinyint(1) NOT NULL DEFAULT '1',
  `delete` tinyint(1) NOT NULL DEFAULT '1',
  `details` text COLLATE utf8mb4_unicode_ci,
  `order` int(11) NOT NULL DEFAULT '1',
  PRIMARY KEY (`id`),
  KEY `data_rows_data_type_id_foreign` (`data_type_id`),
  CONSTRAINT `data_rows_data_type_id_foreign` FOREIGN KEY (`data_type_id`) REFERENCES `data_types` (`id`) ON DELETE CASCADE ON UPDATE CASCADE
) ENGINE=InnoDB AUTO_INCREMENT=188 DEFAULT CHARSET=utf8mb4 COLLATE=utf8mb4_unicode_ci;
/*!40101 SET character_set_client = @saved_cs_client */;

--
-- Dumping data for table `data_rows`
--

LOCK TABLES `data_rows` WRITE;
/*!40000 ALTER TABLE `data_rows` DISABLE KEYS */;
INSERT INTO `data_rows` VALUES (1,1,'id','number','ID',1,0,0,0,0,0,'{}',1),(2,1,'name','text','Name',1,1,1,1,1,1,'{}',2),(3,1,'email','text','Email',0,0,0,0,1,1,'{}',3),(4,1,'password','password','Password',1,0,0,1,1,0,'{}',4),(5,1,'remember_token','text','Remember Token',0,0,0,0,0,0,'{}',5),(6,1,'created_at','timestamp','Created At',0,0,0,0,0,0,'{}',6),(7,1,'updated_at','timestamp','Updated At',0,0,0,0,0,0,'{}',7),(8,1,'avatar','image','Avatar',0,1,1,1,1,1,'{}',8),(9,1,'user_belongsto_role_relationship','relationship','Role',0,1,1,1,1,0,'{\"model\":\"TCG\\\\Voyager\\\\Models\\\\Role\",\"table\":\"roles\",\"type\":\"belongsTo\",\"column\":\"role_id\",\"key\":\"id\",\"label\":\"display_name\",\"pivot_table\":\"roles\",\"pivot\":\"0\",\"taggable\":\"0\"}',10),(10,1,'user_belongstomany_role_relationship','relationship','Roles',0,0,1,1,1,0,'{\"model\":\"TCG\\\\Voyager\\\\Models\\\\Role\",\"table\":\"roles\",\"type\":\"belongsToMany\",\"column\":\"id\",\"key\":\"id\",\"label\":\"display_name\",\"pivot_table\":\"user_roles\",\"pivot\":\"1\",\"taggable\":\"0\"}',11),(11,1,'settings','hidden','Settings',0,0,0,0,0,0,'{}',12),(12,2,'id','number','ID',1,0,0,0,0,0,NULL,1),(13,2,'name','text','Name',1,1,1,1,1,1,NULL,2),(14,2,'created_at','timestamp','Created At',0,0,0,0,0,0,NULL,3),(15,2,'updated_at','timestamp','Updated At',0,0,0,0,0,0,NULL,4),(16,3,'id','number','ID',1,0,0,0,0,0,NULL,1),(17,3,'name','text','Name',1,1,1,1,1,1,NULL,2),(18,3,'created_at','timestamp','Created At',0,0,0,0,0,0,NULL,3),(19,3,'updated_at','timestamp','Updated At',0,0,0,0,0,0,NULL,4),(20,3,'display_name','text','Display Name',1,1,1,1,1,1,NULL,5),(21,1,'role_id','text','Role',0,1,1,1,1,1,'{}',9),(22,1,'email_verified_at','timestamp','Email Verified At',0,0,0,0,0,1,'{}',6),(23,4,'id','text','Id',1,0,0,0,0,0,'{}',1),(24,4,'category','text','Category',0,1,1,1,1,1,'{}',2),(26,4,'created_at','timestamp','Created At',0,1,1,1,0,1,'{}',4),(27,4,'updated_at','timestamp','Updated At',0,0,0,0,0,0,'{}',5),(33,6,'id','text','Id',1,0,0,0,0,0,'{}',1),(36,6,'delivery_boy_id','text','Delivery Boy Id',0,1,1,1,1,1,'{}',5),(37,6,'created_at','timestamp','Created At',0,1,1,0,0,1,'{}',7),(38,6,'updated_at','timestamp','Updated At',0,0,0,0,0,0,'{}',8),(39,7,'id','text','Id',1,0,0,0,0,0,'{}',1),(40,7,'product','text','Product',0,1,1,1,1,1,'{}',4),(41,7,'created_at','timestamp','Created At',0,0,1,1,0,1,'{}',12),(42,7,'updated_at','timestamp','Updated At',0,0,0,0,0,0,'{}',5),(43,7,'category','text','Category',0,1,1,1,1,1,'{}',6),(45,10,'id','text','Id',1,0,0,0,0,0,'{}',1),(46,10,'category','text','Category',1,1,1,1,1,1,'{}',2),(47,10,'sub_category','text','Sub Category',1,1,1,1,1,1,'{}',4),(48,10,'created_at','timestamp','Created At',0,1,1,1,0,1,'{}',5),(49,10,'updated_at','timestamp','Updated At',0,0,0,0,0,0,'{}',6),(50,10,'sub_category_belongsto_category_relationship','relationship','categories',0,1,1,1,1,1,'{\"model\":\"App\\\\Category\",\"table\":\"categories\",\"type\":\"belongsTo\",\"column\":\"category\",\"key\":\"id\",\"label\":\"category\",\"pivot_table\":\"categories\",\"pivot\":\"0\",\"taggable\":\"0\"}',3),(51,7,'sub_category','text','Sub Category',0,1,1,1,1,1,'{}',7),(52,7,'company','text','Company',1,1,1,1,1,1,'{}',8),(53,7,'price','text','Price',0,1,1,1,1,1,'{}',9),(54,7,'description','text','Description',0,1,1,1,1,1,'{}',10),(55,7,'image','image','Image',0,1,1,1,1,1,'{}',11),(65,15,'id','text','Id',1,0,0,0,0,0,'{}',1),(66,15,'name','text','Name',0,1,1,1,1,1,'{}',2),(67,15,'email','text','Email',0,1,1,1,1,1,'{}',3),(68,15,'message','text','Message',0,1,1,1,1,1,'{}',4),(69,15,'created_at','timestamp','Created At',0,1,1,1,0,1,'{}',5),(70,15,'updated_at','timestamp','Updated At',0,0,0,0,0,0,'{}',6),(71,7,'product_belongsto_category_relationship','relationship','categories',0,1,1,1,1,1,'{\"model\":\"App\\\\Category\",\"table\":\"categories\",\"type\":\"belongsTo\",\"column\":\"category\",\"key\":\"id\",\"label\":\"category\",\"pivot_table\":\"categories\",\"pivot\":\"0\",\"taggable\":\"0\"}',2),(72,7,'product_belongsto_sub_category_relationship','relationship','sub_categories',0,1,1,1,1,1,'{\"model\":\"App\\\\SubCategory\",\"table\":\"sub_categories\",\"type\":\"belongsTo\",\"column\":\"sub_category\",\"key\":\"id\",\"label\":\"sub_category\",\"pivot_table\":\"categories\",\"pivot\":\"0\",\"taggable\":\"0\"}',3),(73,6,'status','radio_btn','Status',1,1,1,1,1,1,'{\"default\":\"Pending\",\"options\":{\"Pending\":\"Pending\",\"Processing\":\"Processing\",\"Completed\":\"Completed\"}}',9),(74,6,'signature_customer','image','Signature Customer',0,1,1,0,1,1,'{}',10),(96,19,'id','text','Id',1,0,0,0,0,0,'{}',1),(97,19,'product','text','Product',0,1,1,1,1,1,'{}',2),(98,19,'created_at','timestamp','Created At',0,1,1,1,0,1,'{}',3),(99,19,'updated_at','timestamp','Updated At',0,0,0,0,0,0,'{}',4),(100,19,'popular_product_belongsto_product_relationship','relationship','products',0,1,1,1,1,1,'{\"model\":\"App\\\\Product\",\"table\":\"products\",\"type\":\"belongsTo\",\"column\":\"product\",\"key\":\"id\",\"label\":\"product\",\"pivot_table\":\"categories\",\"pivot\":\"0\",\"taggable\":\"0\"}',5),(102,20,'id','text','Id',1,0,0,0,0,0,'{}',1),(103,20,'product','text','Product',0,1,1,1,1,1,'{}',2),(104,20,'created_at','timestamp','Created At',0,1,1,1,0,1,'{}',3),(105,20,'updated_at','timestamp','Updated At',0,0,0,0,0,0,'{}',4),(106,20,'recommended_product_belongsto_product_relationship','relationship','products',0,1,1,1,1,1,'{\"model\":\"App\\\\Product\",\"table\":\"products\",\"type\":\"belongsTo\",\"column\":\"product\",\"key\":\"id\",\"label\":\"product\",\"pivot_table\":\"categories\",\"pivot\":\"0\",\"taggable\":\"0\"}',5),(107,21,'id','text','Id',1,0,0,0,0,0,'{}',1),(108,21,'product','text','Product',0,1,1,1,1,1,'{}',2),(110,21,'created_at','timestamp','Created At',0,1,1,1,0,1,'{}',3),(111,21,'updated_at','timestamp','Updated At',0,0,0,0,0,0,'{}',4),(113,21,'offer_belongsto_product_relationship','relationship','products',0,1,1,1,1,1,'{\"model\":\"App\\\\Product\",\"table\":\"products\",\"type\":\"belongsTo\",\"column\":\"product\",\"key\":\"id\",\"label\":\"product\",\"pivot_table\":\"categories\",\"pivot\":\"0\",\"taggable\":\"0\"}',5),(115,22,'id','text','Id',1,0,0,0,0,0,'{}',1),(116,22,'coupon_code','text','Coupon Code (10char)',1,1,1,1,1,1,'{}',2),(117,22,'status','radio_btn','Status',1,1,1,1,1,1,'{\"default\":\"0\",\"options\":{\"0\":\"Not Active\",\"1\":\"Active\"}}',3),(118,22,'created_at','timestamp','Created At',0,1,1,1,0,1,'{}',4),(119,22,'updated_at','timestamp','Updated At',0,0,0,0,0,0,'{}',5),(120,22,'description','text','Description',0,1,1,1,1,1,'{}',6),(121,22,'discount','text','Discount',1,1,1,1,1,1,'{}',7),(123,22,'product_id','text','Product Id',1,1,1,1,1,1,'{}',8),(124,22,'coupon_belongsto_product_relationship','relationship','products',0,1,1,1,1,1,'{\"model\":\"App\\\\Product\",\"table\":\"products\",\"type\":\"belongsTo\",\"column\":\"product_id\",\"key\":\"id\",\"label\":\"product\",\"pivot_table\":\"categories\",\"pivot\":\"0\",\"taggable\":\"0\"}',9),(125,1,'phone','text','Phone',1,1,1,1,1,1,'{}',12),(126,23,'id','text','Id',1,0,0,0,0,0,'{}',1),(127,23,'product','text','Product',0,1,1,1,1,1,'{}',2),(128,23,'created_at','timestamp','Created At',0,1,1,1,0,1,'{}',3),(129,23,'updated_at','timestamp','Updated At',0,0,0,0,0,0,'{}',4),(130,23,'good_quality_product_belongsto_product_relationship','relationship','products',0,1,1,1,1,1,'{\"model\":\"App\\\\Product\",\"table\":\"products\",\"type\":\"belongsTo\",\"column\":\"product\",\"key\":\"id\",\"label\":\"product\",\"pivot_table\":\"categories\",\"pivot\":\"0\",\"taggable\":\"0\"}',5),(133,6,'transaction_id','text','Transaction Id',0,0,1,1,1,1,'{}',23),(135,6,'address','text','Address',0,0,1,1,1,1,'{}',12),(137,6,'recipient_name','text','Recipient Name',0,1,1,1,1,1,'{}',15),(138,6,'recipient_phone','text','Recipient Phone',0,0,1,1,1,1,'{}',16),(139,6,'total_amount','text','Total Amount',0,1,1,0,1,1,'{}',18),(140,6,'delivery_amount','text','Delivery Amount',0,0,1,1,1,1,'{}',21),(141,6,'order_belongsto_user_relationship','relationship','delivery boy',0,1,1,1,1,1,'{\"scope\":\"delivery\",\"model\":\"App\\\\User\",\"table\":\"users\",\"type\":\"belongsTo\",\"column\":\"delivery_boy_id\",\"key\":\"id\",\"label\":\"name\",\"pivot_table\":\"categories\",\"pivot\":\"0\",\"taggable\":\"0\"}',6),(142,6,'user_id','text','User Id',0,1,1,1,1,1,'{}',3),(145,6,'lat','text','Lat',0,0,1,1,1,1,'{}',14),(146,6,'lng','text','Lng',0,0,1,1,1,1,'{}',13),(147,6,'order_belongsto_user_relationship_1','relationship','customer',0,1,1,1,1,1,'{\"scope\":\"customer\",\"model\":\"App\\\\User\",\"table\":\"users\",\"type\":\"belongsTo\",\"column\":\"user_id\",\"key\":\"id\",\"label\":\"name\",\"pivot_table\":\"categories\",\"pivot\":\"0\",\"taggable\":\"0\"}',2),(148,24,'id','text','Id',1,0,0,0,0,0,'{}',0),(149,24,'delivery_boy_id','text','Delivery Boy Id',0,1,1,1,1,1,'{}',2),(150,24,'lat','text','Lat',0,1,1,1,1,1,'{}',4),(151,24,'lng','text','Lng',0,1,1,1,1,1,'{}',5),(152,24,'created_at','timestamp','Created At',0,1,1,1,0,1,'{}',6),(153,24,'updated_at','timestamp','Updated At',0,0,0,0,0,0,'{}',7),(154,24,'delivery_boy_position_belongsto_user_relationship','relationship','Delivery Boy',0,1,1,1,1,1,'{\"scope\":\"delivery\",\"model\":\"App\\\\User\",\"table\":\"users\",\"type\":\"belongsTo\",\"column\":\"delivery_boy_id\",\"key\":\"id\",\"label\":\"name\",\"pivot_table\":\"orders\",\"pivot\":\"0\",\"taggable\":\"0\"}',3),(155,24,'delivery_boy_position_belongsto_order_relationship','relationship','orders',0,1,1,1,1,1,'{\"model\":\"App\\\\Order\",\"table\":\"orders\",\"type\":\"belongsTo\",\"column\":\"order_id\",\"key\":\"id\",\"label\":\"id\",\"pivot_table\":\"categories\",\"pivot\":\"0\",\"taggable\":\"0\"}',8),(156,24,'order_id','text','Order Id',0,1,1,1,1,1,'{}',7),(158,6,'payment_mode','text','Payment Mode',0,1,1,0,1,1,'{}',11),(159,6,'verification_code','text','Verification Code',0,0,1,0,1,1,'{}',20),(160,26,'id','text','Id',1,0,0,0,0,0,'{}',0),(161,26,'lat','text','Lat',0,1,1,1,1,1,'{}',3),(162,26,'lng','text','Lng',0,1,1,1,1,1,'{}',4),(163,26,'created_at','timestamp','Created At',0,1,1,1,0,1,'{}',5),(164,26,'updated_at','timestamp','Updated At',0,0,0,0,0,0,'{}',6),(165,26,'order_id','text','Order Id',0,1,1,1,1,1,'{}',7),(166,26,'delivery_position_belongsto_order_relationship','relationship','orders',0,1,1,1,1,1,'{\"model\":\"App\\\\Order\",\"table\":\"orders\",\"type\":\"belongsTo\",\"column\":\"order_id\",\"key\":\"id\",\"label\":\"id\",\"pivot_table\":\"categories\",\"pivot\":\"0\",\"taggable\":\"0\"}',2),(168,27,'id','text','Id',1,0,0,0,0,0,'{}',0),(169,27,'product_id','text','Product Id',0,1,1,1,1,1,'{}',2),(170,27,'quantity','text','Quantity',0,1,1,1,1,1,'{}',8),(171,27,'order_id','text','Order Id',0,1,1,1,1,1,'{}',3),(172,27,'created_at','timestamp','Created At',0,1,1,1,0,1,'{}',4),(173,27,'updated_at','timestamp','Updated At',0,0,0,0,0,0,'{}',5),(174,27,'ordered_product_belongsto_order_relationship','relationship','orders id',0,1,1,1,1,1,'{\"model\":\"App\\\\Order\",\"table\":\"orders\",\"type\":\"belongsTo\",\"column\":\"order_id\",\"key\":\"id\",\"label\":\"id\",\"pivot_table\":\"categories\",\"pivot\":\"0\",\"taggable\":\"0\"}',6),(175,6,'delivery_date','date','Delivery Date',0,1,1,1,1,1,'{}',17),(176,7,'SKU','text','SKU',0,1,1,1,1,1,'{}',12),(177,27,'ordered_product_belongsto_product_relationship','relationship','products',0,1,1,1,1,1,'{\"model\":\"App\\\\Product\",\"table\":\"products\",\"type\":\"belongsTo\",\"column\":\"product_id\",\"key\":\"id\",\"label\":\"product\",\"pivot_table\":\"categories\",\"pivot\":\"0\",\"taggable\":\"0\"}',7),(178,7,'stock','text','Stock',1,1,1,1,1,1,'{}',12),(179,21,'offer_price','text','Offer Price',0,1,1,1,1,1,'{}',6),(180,7,'offer_price','number','Offer Price',1,1,1,1,1,1,'{\"default\":0}',13),(181,6,'package','image','Package',0,1,1,0,0,0,'{}',19),(182,1,'notification_Token','text','Notification Token',0,0,0,1,1,1,'{}',13),(183,1,'vehicle_number','text','Vehicle Number',0,1,1,1,1,1,'{}',14),(184,4,'image','image','Image',0,1,1,1,1,1,'{}',5),(185,6,'order_belongsto_user_relationship_2','relationship','partner',0,1,1,1,1,1,'{\"scope\":\"partner\",\"model\":\"App\\\\User\",\"table\":\"users\",\"type\":\"belongsTo\",\"column\":\"partner_id\",\"key\":\"id\",\"label\":\"name\",\"pivot_table\":\"categories\",\"pivot\":\"0\",\"taggable\":\"0\"}',4),(186,6,'partner_id','text','Partner Id',0,1,1,1,1,1,'{}',22),(187,1,'address','text','Address',0,1,1,1,1,1,'{}',15);
/*!40000 ALTER TABLE `data_rows` ENABLE KEYS */;
UNLOCK TABLES;

--
-- Table structure for table `data_types`
--

DROP TABLE IF EXISTS `data_types`;
/*!40101 SET @saved_cs_client     = @@character_set_client */;
/*!40101 SET character_set_client = utf8 */;
CREATE TABLE `data_types` (
  `id` int(10) unsigned NOT NULL AUTO_INCREMENT,
  `name` varchar(255) COLLATE utf8mb4_unicode_ci NOT NULL,
  `slug` varchar(255) COLLATE utf8mb4_unicode_ci NOT NULL,
  `display_name_singular` varchar(255) COLLATE utf8mb4_unicode_ci NOT NULL,
  `display_name_plural` varchar(255) COLLATE utf8mb4_unicode_ci NOT NULL,
  `icon` varchar(255) COLLATE utf8mb4_unicode_ci DEFAULT NULL,
  `model_name` varchar(255) COLLATE utf8mb4_unicode_ci DEFAULT NULL,
  `policy_name` varchar(255) COLLATE utf8mb4_unicode_ci DEFAULT NULL,
  `controller` varchar(255) COLLATE utf8mb4_unicode_ci DEFAULT NULL,
  `description` varchar(255) COLLATE utf8mb4_unicode_ci DEFAULT NULL,
  `generate_permissions` tinyint(1) NOT NULL DEFAULT '0',
  `server_side` tinyint(4) NOT NULL DEFAULT '0',
  `details` text COLLATE utf8mb4_unicode_ci,
  `created_at` timestamp NULL DEFAULT NULL,
  `updated_at` timestamp NULL DEFAULT NULL,
  PRIMARY KEY (`id`),
  UNIQUE KEY `data_types_name_unique` (`name`),
  UNIQUE KEY `data_types_slug_unique` (`slug`)
) ENGINE=InnoDB AUTO_INCREMENT=28 DEFAULT CHARSET=utf8mb4 COLLATE=utf8mb4_unicode_ci;
/*!40101 SET character_set_client = @saved_cs_client */;

--
-- Dumping data for table `data_types`
--

LOCK TABLES `data_types` WRITE;
/*!40000 ALTER TABLE `data_types` DISABLE KEYS */;
INSERT INTO `data_types` VALUES (1,'users','users','User','Users','voyager-person','TCG\\Voyager\\Models\\User','TCG\\Voyager\\Policies\\UserPolicy','TCG\\Voyager\\Http\\Controllers\\VoyagerUserController',NULL,1,0,'{\"order_column\":null,\"order_display_column\":null,\"order_direction\":\"desc\",\"default_search_key\":null,\"scope\":null}','2020-05-17 02:08:14','2020-08-16 19:42:15'),(2,'menus','menus','Menu','Menus','voyager-list','TCG\\Voyager\\Models\\Menu',NULL,'','',1,0,NULL,'2020-05-17 02:08:14','2020-05-17 02:08:14'),(3,'roles','roles','Role','Roles','voyager-lock','TCG\\Voyager\\Models\\Role',NULL,'TCG\\Voyager\\Http\\Controllers\\VoyagerRoleController','',1,0,NULL,'2020-05-17 02:08:14','2020-05-17 02:08:14'),(4,'categories','categories','Category','Categories',NULL,'App\\Category',NULL,NULL,NULL,1,0,'{\"order_column\":null,\"order_display_column\":null,\"order_direction\":\"asc\",\"default_search_key\":null,\"scope\":null}','2020-05-17 02:27:35','2020-07-17 19:02:53'),(6,'orders','orders','Order','Orders','voyager-list-add','App\\Order',NULL,NULL,NULL,1,0,'{\"order_column\":null,\"order_display_column\":null,\"order_direction\":\"asc\",\"default_search_key\":null,\"scope\":null}','2020-05-17 02:27:58','2020-08-16 19:39:44'),(7,'products','products','Product','Products',NULL,'App\\Product',NULL,NULL,NULL,1,0,'{\"order_column\":null,\"order_display_column\":null,\"order_direction\":\"asc\",\"default_search_key\":null,\"scope\":null}','2020-05-17 02:28:07','2020-06-24 10:30:36'),(10,'sub_categories','sub-categories','Sub Category','Sub Categories','voyager-categories','App\\SubCategory',NULL,NULL,NULL,1,0,'{\"order_column\":null,\"order_display_column\":null,\"order_direction\":\"asc\",\"default_search_key\":null,\"scope\":null}','2020-05-19 01:36:02','2020-05-24 01:16:22'),(15,'feedback','feedback','Feedback','Feedback',NULL,'App\\Feedback',NULL,NULL,NULL,1,0,'{\"order_column\":null,\"order_display_column\":null,\"order_direction\":\"asc\",\"default_search_key\":null}','2020-05-20 23:25:23','2020-05-20 23:25:23'),(19,'popular_products','popular-products','Popular Product','Popular Products',NULL,'App\\PopularProduct',NULL,NULL,NULL,1,0,'{\"order_column\":null,\"order_display_column\":null,\"order_direction\":\"asc\",\"default_search_key\":null,\"scope\":null}','2020-05-21 00:32:59','2020-05-21 00:33:27'),(20,'recommended_products','recommended-products','Recommended Product','Recommended Products',NULL,'App\\RecommendedProduct',NULL,NULL,NULL,1,0,'{\"order_column\":null,\"order_display_column\":null,\"order_direction\":\"asc\",\"default_search_key\":null,\"scope\":null}','2020-05-21 00:42:50','2020-05-21 00:43:17'),(21,'offers','offers','Offer','Offers',NULL,'App\\Offer',NULL,NULL,NULL,1,0,'{\"order_column\":null,\"order_display_column\":null,\"order_direction\":\"asc\",\"default_search_key\":null,\"scope\":null}','2020-05-21 00:48:18','2020-06-11 10:44:25'),(22,'coupons','coupons','Coupon','Coupons','voyager-ticket','App\\Coupon',NULL,NULL,NULL,1,0,'{\"order_column\":null,\"order_display_column\":null,\"order_direction\":\"asc\",\"default_search_key\":null,\"scope\":null}','2020-05-22 00:51:08','2020-05-22 01:04:23'),(23,'good_quality_products','good-quality-products','Good Quality Product','Good Quality Products',NULL,'App\\GoodQualityProduct',NULL,NULL,NULL,1,0,'{\"order_column\":null,\"order_display_column\":null,\"order_direction\":\"asc\",\"default_search_key\":null,\"scope\":null}','2020-05-22 06:23:45','2020-05-22 06:24:19'),(24,'delivery_boy_positions','delivery-boy-positions','Delivery Boy Position','Delivery Boy Positions','voyager-ship','App\\DeliveryBoyPosition',NULL,NULL,NULL,1,0,'{\"order_column\":null,\"order_display_column\":null,\"order_direction\":\"asc\",\"default_search_key\":null,\"scope\":null}','2020-05-22 12:32:08','2020-05-25 22:57:10'),(26,'delivery_positions','delivery-positions','Delivery Position','Delivery Positions',NULL,'App\\DeliveryPosition',NULL,NULL,NULL,1,0,'{\"order_column\":null,\"order_display_column\":null,\"order_direction\":\"asc\",\"default_search_key\":null,\"scope\":null}','2020-05-25 22:59:46','2020-05-25 23:05:52'),(27,'ordered_products','ordered-products','Ordered Product','Ordered Products',NULL,'App\\OrderedProduct',NULL,NULL,NULL,1,0,'{\"order_column\":null,\"order_display_column\":null,\"order_direction\":\"asc\",\"default_search_key\":null,\"scope\":null}','2020-05-26 02:11:06','2020-05-30 01:02:04');
/*!40000 ALTER TABLE `data_types` ENABLE KEYS */;
UNLOCK TABLES;

--
-- Table structure for table `delivery_boy_positions`
--

DROP TABLE IF EXISTS `delivery_boy_positions`;
/*!40101 SET @saved_cs_client     = @@character_set_client */;
/*!40101 SET character_set_client = utf8 */;
CREATE TABLE `delivery_boy_positions` (
  `id` int(10) unsigned NOT NULL AUTO_INCREMENT,
  `delivery_boy_id` int(11) DEFAULT NULL,
  `lat` float DEFAULT NULL,
  `lng` float DEFAULT NULL,
  `created_at` timestamp NULL DEFAULT NULL,
  `updated_at` timestamp NULL DEFAULT NULL,
  `order_id` int(11) DEFAULT NULL,
  PRIMARY KEY (`id`)
) ENGINE=InnoDB DEFAULT CHARSET=utf8mb4 COLLATE=utf8mb4_unicode_ci;
/*!40101 SET character_set_client = @saved_cs_client */;

--
-- Dumping data for table `delivery_boy_positions`
--

LOCK TABLES `delivery_boy_positions` WRITE;
/*!40000 ALTER TABLE `delivery_boy_positions` DISABLE KEYS */;
/*!40000 ALTER TABLE `delivery_boy_positions` ENABLE KEYS */;
UNLOCK TABLES;

--
-- Table structure for table `delivery_positions`
--

DROP TABLE IF EXISTS `delivery_positions`;
/*!40101 SET @saved_cs_client     = @@character_set_client */;
/*!40101 SET character_set_client = utf8 */;
CREATE TABLE `delivery_positions` (
  `id` int(10) unsigned NOT NULL AUTO_INCREMENT,
  `lat` float DEFAULT NULL,
  `lng` float DEFAULT NULL,
  `created_at` timestamp NULL DEFAULT NULL,
  `updated_at` timestamp NULL DEFAULT NULL,
  `order_id` int(11) DEFAULT NULL,
  PRIMARY KEY (`id`)
) ENGINE=InnoDB AUTO_INCREMENT=112 DEFAULT CHARSET=utf8mb4 COLLATE=utf8mb4_unicode_ci;
/*!40101 SET character_set_client = @saved_cs_client */;

--
-- Dumping data for table `delivery_positions`
--

LOCK TABLES `delivery_positions` WRITE;
/*!40000 ALTER TABLE `delivery_positions` DISABLE KEYS */;
INSERT INTO `delivery_positions` VALUES (1,NULL,NULL,'2020-05-30 00:51:42','2020-05-30 00:51:42',16),(2,NULL,NULL,'2020-05-30 00:57:47','2020-05-30 00:57:47',17),(3,NULL,NULL,'2020-05-31 06:07:59','2020-05-31 06:07:59',18),(4,19.604,74.7675,'2020-06-01 10:21:44','2020-06-01 13:28:08',19),(5,NULL,NULL,'2020-06-01 19:24:46','2020-06-01 19:24:46',20),(6,NULL,NULL,'2020-06-05 15:51:59','2020-06-05 15:51:59',21),(7,NULL,NULL,'2020-06-05 19:05:31','2020-06-05 19:05:31',22),(8,NULL,NULL,'2020-06-05 19:23:33','2020-06-05 19:23:33',23),(9,NULL,NULL,'2020-06-05 19:34:42','2020-06-05 19:34:42',24),(10,NULL,NULL,'2020-06-05 19:37:39','2020-06-05 19:37:39',25),(11,NULL,NULL,'2020-06-05 19:42:23','2020-06-05 19:42:23',26),(12,NULL,NULL,'2020-06-05 20:04:59','2020-06-05 20:04:59',27),(13,NULL,NULL,'2020-06-05 20:05:23','2020-06-05 20:05:23',28),(14,NULL,NULL,'2020-06-05 20:52:14','2020-06-05 20:52:14',29),(15,NULL,NULL,'2020-06-05 20:57:06','2020-06-05 20:57:06',30),(16,NULL,NULL,'2020-06-05 21:00:48','2020-06-05 21:00:48',31),(17,NULL,NULL,'2020-06-05 21:03:18','2020-06-05 21:03:18',32),(18,NULL,NULL,'2020-06-05 21:31:38','2020-06-05 21:31:38',33),(19,14.744,78.5428,'2020-06-06 07:00:00','2020-06-06 12:25:38',34),(20,NULL,NULL,'2020-06-08 08:45:06','2020-06-08 08:45:06',35),(21,NULL,NULL,'2020-06-08 08:45:26','2020-06-08 08:45:26',36),(22,NULL,NULL,'2020-06-08 08:45:57','2020-06-08 08:45:57',37),(23,NULL,NULL,'2020-06-08 08:51:02','2020-06-08 08:51:02',38),(24,NULL,NULL,'2020-06-08 08:51:42','2020-06-08 08:51:42',39),(25,NULL,NULL,'2020-06-08 09:00:01','2020-06-08 09:00:01',40),(26,NULL,NULL,'2020-06-08 09:15:34','2020-06-08 09:15:34',41),(27,NULL,NULL,'2020-06-08 09:17:18','2020-06-08 09:17:18',42),(28,NULL,NULL,'2020-06-08 12:27:24','2020-06-08 12:27:24',43),(29,NULL,NULL,'2020-06-08 12:30:48','2020-06-08 12:30:48',44),(30,NULL,NULL,'2020-06-08 12:35:17','2020-06-08 12:35:17',45),(31,NULL,NULL,'2020-06-08 13:05:08','2020-06-08 13:05:08',46),(32,NULL,NULL,'2020-06-08 13:15:31','2020-06-08 13:15:31',47),(33,NULL,NULL,'2020-06-09 16:00:38','2020-06-09 16:00:38',48),(34,NULL,NULL,'2020-06-09 19:13:25','2020-06-09 19:13:25',49),(35,14.744,78.5428,'2020-06-09 20:20:17','2020-06-09 20:35:33',50),(36,19.606,74.7677,'2020-06-12 17:22:47','2020-06-12 18:20:24',51),(37,NULL,NULL,'2020-06-12 18:56:55','2020-06-12 18:56:55',52),(38,NULL,NULL,'2020-06-15 09:52:29','2020-06-15 09:52:29',53),(39,NULL,NULL,'2020-06-15 11:20:20','2020-06-15 11:20:20',54),(40,NULL,NULL,'2020-06-15 11:46:13','2020-06-15 11:46:13',55),(41,NULL,NULL,'2020-06-15 18:20:06','2020-06-15 18:20:06',56),(42,14.7458,78.5447,'2020-06-15 18:47:33','2020-06-16 08:24:38',57),(43,NULL,NULL,'2020-06-15 19:04:09','2020-06-15 19:04:09',58),(44,NULL,NULL,'2020-06-15 23:50:42','2020-06-15 23:50:42',59),(45,NULL,NULL,'2020-06-16 13:20:42','2020-06-16 13:20:42',60),(46,NULL,NULL,'2020-06-16 13:39:37','2020-06-16 13:39:37',61),(47,NULL,NULL,'2020-06-17 22:04:56','2020-06-17 22:04:56',62),(48,NULL,NULL,'2020-06-18 12:53:13','2020-06-18 12:53:13',63),(49,NULL,NULL,'2020-06-18 12:57:46','2020-06-18 12:57:46',64),(50,NULL,NULL,'2020-06-18 13:00:27','2020-06-18 13:00:27',65),(51,NULL,NULL,'2020-06-18 13:01:30','2020-06-18 13:01:30',66),(52,12.934,77.4959,'2020-06-20 08:06:21','2020-06-28 12:28:06',67),(53,NULL,NULL,'2020-06-23 13:02:04','2020-06-23 13:02:04',68),(54,NULL,NULL,'2020-06-23 13:02:31','2020-06-23 13:02:31',69),(55,NULL,NULL,'2020-06-23 13:03:26','2020-06-23 13:03:26',70),(56,NULL,NULL,'2020-06-23 13:25:12','2020-06-23 13:25:12',71),(57,NULL,NULL,'2020-06-24 06:08:15','2020-06-24 06:08:15',72),(58,NULL,NULL,'2020-06-24 06:11:48','2020-06-24 06:11:48',73),(59,NULL,NULL,'2020-06-24 06:34:24','2020-06-24 06:34:24',74),(60,NULL,NULL,'2020-06-24 08:13:12','2020-06-24 08:13:12',75),(61,NULL,NULL,'2020-06-24 08:19:55','2020-06-24 08:19:55',76),(62,NULL,NULL,'2020-06-24 08:45:27','2020-06-24 08:45:27',77),(63,NULL,NULL,'2020-06-24 08:46:02','2020-06-24 08:46:02',78),(64,NULL,NULL,'2020-06-24 10:10:05','2020-06-24 10:10:05',80),(65,NULL,NULL,'2020-06-24 10:29:58','2020-06-24 10:29:58',81),(66,NULL,NULL,'2020-06-27 11:01:44','2020-06-27 11:01:44',82),(67,NULL,NULL,'2020-06-27 14:42:50','2020-06-27 14:42:50',83),(68,NULL,NULL,'2020-06-27 18:08:27','2020-06-27 18:08:27',84),(69,NULL,NULL,'2020-06-27 18:09:13','2020-06-27 18:09:13',85),(70,NULL,NULL,'2020-06-27 19:12:20','2020-06-27 19:12:20',86),(71,NULL,NULL,'2020-06-27 19:12:49','2020-06-27 19:12:49',87),(72,NULL,NULL,'2020-06-27 19:13:46','2020-06-27 19:13:46',88),(73,NULL,NULL,'2020-06-27 20:10:33','2020-06-27 20:10:33',90),(74,NULL,NULL,'2020-06-27 20:15:48','2020-06-27 20:15:48',92),(75,NULL,NULL,'2020-06-27 20:16:12','2020-06-27 20:16:12',93),(76,NULL,NULL,'2020-06-27 20:51:35','2020-06-27 20:51:35',95),(77,NULL,NULL,'2020-06-27 20:52:38','2020-06-27 20:52:38',96),(78,NULL,NULL,'2020-06-27 21:02:15','2020-06-27 21:02:15',97),(79,NULL,NULL,'2020-06-28 10:55:00','2020-06-28 17:21:44',98),(80,NULL,NULL,'2020-06-28 22:14:01','2020-06-28 22:14:01',99),(81,12.8782,77.5163,'2020-06-28 22:15:03','2020-06-29 13:09:13',100),(82,NULL,NULL,'2020-07-01 13:13:11','2020-07-01 13:13:11',101),(83,NULL,NULL,'2020-07-01 13:21:03','2020-07-01 13:21:03',102),(84,NULL,NULL,'2020-07-02 16:59:34','2020-07-02 16:59:34',103),(85,NULL,NULL,'2020-07-03 20:09:03','2020-07-03 20:09:03',104),(86,NULL,NULL,'2020-07-04 19:12:40','2020-07-04 19:12:40',105),(87,NULL,NULL,'2020-07-04 19:12:53','2020-07-04 19:12:53',106),(88,NULL,NULL,'2020-07-04 19:30:42','2020-07-04 19:30:42',107),(89,NULL,NULL,'2020-07-05 06:27:50','2020-07-05 06:27:50',108),(90,NULL,NULL,'2020-07-05 18:28:21','2020-07-05 18:28:21',109),(91,NULL,NULL,'2020-07-05 18:28:52','2020-07-05 18:28:52',110),(92,NULL,NULL,'2020-07-05 19:07:00','2020-07-05 19:07:00',111),(93,NULL,NULL,'2020-07-06 18:41:03','2020-07-06 18:41:03',112),(94,19.604,74.7675,'2020-07-06 19:08:34','2020-07-11 11:04:28',113),(95,NULL,NULL,'2020-07-06 19:27:25','2020-07-06 19:27:25',114),(96,NULL,NULL,'2020-07-06 19:32:11','2020-07-06 19:32:11',115),(97,NULL,NULL,'2020-07-06 21:20:11','2020-07-06 21:20:11',116),(98,NULL,NULL,'2020-07-07 08:17:45','2020-07-07 08:17:45',117),(99,12.8748,77.5169,'2020-07-07 10:03:01','2020-07-10 11:32:18',118),(100,NULL,NULL,'2020-07-08 09:28:25','2020-07-08 09:28:25',119),(101,19.6038,74.7674,'2020-07-10 22:41:15','2020-07-11 18:30:41',120),(102,12.8747,77.5174,'2020-07-11 10:16:22','2020-07-11 10:58:44',121),(103,NULL,NULL,'2020-07-11 11:50:38','2020-07-11 11:50:38',122),(104,NULL,NULL,'2020-07-11 11:50:46','2020-07-11 11:50:46',123),(105,12.8793,77.5099,'2020-07-11 17:46:54','2020-07-11 18:27:00',124),(106,NULL,NULL,'2020-07-11 18:42:57','2020-07-11 18:42:57',125),(107,NULL,NULL,'2020-07-12 21:32:44','2020-07-12 21:32:44',126),(108,NULL,NULL,'2020-07-13 13:14:49','2020-07-13 13:14:49',127),(109,NULL,NULL,'2020-07-13 21:26:06','2020-07-13 21:26:06',128),(110,NULL,NULL,'2020-07-15 21:36:37','2020-07-15 21:36:37',129),(111,NULL,NULL,'2020-07-19 10:33:13','2020-07-19 10:33:13',130);
/*!40000 ALTER TABLE `delivery_positions` ENABLE KEYS */;
UNLOCK TABLES;

--
-- Table structure for table `failed_jobs`
--

DROP TABLE IF EXISTS `failed_jobs`;
/*!40101 SET @saved_cs_client     = @@character_set_client */;
/*!40101 SET character_set_client = utf8 */;
CREATE TABLE `failed_jobs` (
  `id` bigint(20) unsigned NOT NULL AUTO_INCREMENT,
  `connection` text COLLATE utf8mb4_unicode_ci NOT NULL,
  `queue` text COLLATE utf8mb4_unicode_ci NOT NULL,
  `payload` longtext COLLATE utf8mb4_unicode_ci NOT NULL,
  `exception` longtext COLLATE utf8mb4_unicode_ci NOT NULL,
  `failed_at` timestamp NOT NULL DEFAULT CURRENT_TIMESTAMP,
  PRIMARY KEY (`id`)
) ENGINE=InnoDB DEFAULT CHARSET=utf8mb4 COLLATE=utf8mb4_unicode_ci;
/*!40101 SET character_set_client = @saved_cs_client */;

--
-- Dumping data for table `failed_jobs`
--

LOCK TABLES `failed_jobs` WRITE;
/*!40000 ALTER TABLE `failed_jobs` DISABLE KEYS */;
/*!40000 ALTER TABLE `failed_jobs` ENABLE KEYS */;
UNLOCK TABLES;

--
-- Table structure for table `feedback`
--

DROP TABLE IF EXISTS `feedback`;
/*!40101 SET @saved_cs_client     = @@character_set_client */;
/*!40101 SET character_set_client = utf8 */;
CREATE TABLE `feedback` (
  `id` int(10) unsigned NOT NULL AUTO_INCREMENT,
  `name` varchar(30) COLLATE utf8mb4_unicode_ci DEFAULT NULL,
  `email` varchar(30) COLLATE utf8mb4_unicode_ci DEFAULT NULL,
  `message` varchar(100) COLLATE utf8mb4_unicode_ci DEFAULT NULL,
  `created_at` timestamp NULL DEFAULT NULL,
  `updated_at` timestamp NULL DEFAULT NULL,
  PRIMARY KEY (`id`)
) ENGINE=InnoDB AUTO_INCREMENT=4 DEFAULT CHARSET=utf8mb4 COLLATE=utf8mb4_unicode_ci;
/*!40101 SET character_set_client = @saved_cs_client */;

--
-- Dumping data for table `feedback`
--

LOCK TABLES `feedback` WRITE;
/*!40000 ALTER TABLE `feedback` DISABLE KEYS */;
INSERT INTO `feedback` VALUES (1,'damon','bhasshor@email.com','sample message','2020-05-21 00:07:02','2020-05-21 00:07:02'),(2,'damon','customer@email.com','Just testing','2020-05-26 22:32:06','2020-05-26 22:32:06'),(3,'customer','customer@email.com','check if its working','2020-06-11 10:39:20','2020-06-11 10:39:20');
/*!40000 ALTER TABLE `feedback` ENABLE KEYS */;
UNLOCK TABLES;

--
-- Table structure for table `good_quality_products`
--

DROP TABLE IF EXISTS `good_quality_products`;
/*!40101 SET @saved_cs_client     = @@character_set_client */;
/*!40101 SET character_set_client = utf8 */;
CREATE TABLE `good_quality_products` (
  `id` int(10) unsigned NOT NULL AUTO_INCREMENT,
  `product` int(11) DEFAULT NULL,
  `created_at` timestamp NULL DEFAULT NULL,
  `updated_at` timestamp NULL DEFAULT NULL,
  PRIMARY KEY (`id`)
) ENGINE=InnoDB AUTO_INCREMENT=27 DEFAULT CHARSET=utf8mb4 COLLATE=utf8mb4_unicode_ci;
/*!40101 SET character_set_client = @saved_cs_client */;

--
-- Dumping data for table `good_quality_products`
--

LOCK TABLES `good_quality_products` WRITE;
/*!40000 ALTER TABLE `good_quality_products` DISABLE KEYS */;
INSERT INTO `good_quality_products` VALUES (9,53,'2020-06-19 12:33:00','2020-06-19 12:35:24'),(10,47,'2020-06-19 12:33:23','2020-06-19 12:33:23'),(11,50,'2020-06-19 12:33:37','2020-06-19 12:33:37'),(12,52,'2020-06-19 12:33:50','2020-06-19 12:33:50'),(13,53,'2020-06-19 12:34:08','2020-06-19 12:34:08'),(14,57,'2020-06-19 12:34:28','2020-06-19 12:34:28'),(16,60,'2020-06-19 12:38:32','2020-06-19 12:38:32'),(17,64,'2020-06-19 14:00:13','2020-06-19 14:00:13'),(18,65,'2020-06-19 14:00:27','2020-06-19 14:00:27'),(19,66,'2020-06-19 17:16:41','2020-06-19 17:16:41'),(20,68,'2020-06-19 17:16:55','2020-06-19 17:16:55'),(21,69,'2020-06-19 17:17:35','2020-06-19 17:17:35'),(22,69,'2020-06-19 17:17:46','2020-06-19 17:17:46'),(23,49,'2020-06-19 17:20:49','2020-06-19 17:20:49'),(24,124,'2020-07-03 09:50:08','2020-07-03 09:50:08'),(25,124,'2020-07-03 09:50:22','2020-07-03 09:50:22'),(26,46,'2020-07-04 19:06:42','2020-07-04 19:06:42');
/*!40000 ALTER TABLE `good_quality_products` ENABLE KEYS */;
UNLOCK TABLES;

--
-- Table structure for table `menu_items`
--

DROP TABLE IF EXISTS `menu_items`;
/*!40101 SET @saved_cs_client     = @@character_set_client */;
/*!40101 SET character_set_client = utf8 */;
CREATE TABLE `menu_items` (
  `id` int(10) unsigned NOT NULL AUTO_INCREMENT,
  `menu_id` int(10) unsigned DEFAULT NULL,
  `title` varchar(255) COLLATE utf8mb4_unicode_ci NOT NULL,
  `url` varchar(255) COLLATE utf8mb4_unicode_ci NOT NULL,
  `target` varchar(255) COLLATE utf8mb4_unicode_ci NOT NULL DEFAULT '_self',
  `icon_class` varchar(255) COLLATE utf8mb4_unicode_ci DEFAULT NULL,
  `color` varchar(255) COLLATE utf8mb4_unicode_ci DEFAULT NULL,
  `parent_id` int(11) DEFAULT NULL,
  `order` int(11) NOT NULL,
  `created_at` timestamp NULL DEFAULT NULL,
  `updated_at` timestamp NULL DEFAULT NULL,
  `route` varchar(255) COLLATE utf8mb4_unicode_ci DEFAULT NULL,
  `parameters` text COLLATE utf8mb4_unicode_ci,
  PRIMARY KEY (`id`),
  KEY `menu_items_menu_id_foreign` (`menu_id`),
  CONSTRAINT `menu_items_menu_id_foreign` FOREIGN KEY (`menu_id`) REFERENCES `menus` (`id`) ON DELETE CASCADE
) ENGINE=InnoDB AUTO_INCREMENT=40 DEFAULT CHARSET=utf8mb4 COLLATE=utf8mb4_unicode_ci;
/*!40101 SET character_set_client = @saved_cs_client */;

--
-- Dumping data for table `menu_items`
--

LOCK TABLES `menu_items` WRITE;
/*!40000 ALTER TABLE `menu_items` DISABLE KEYS */;
INSERT INTO `menu_items` VALUES (1,1,'Dashboard','','_self','voyager-boat',NULL,NULL,1,'2020-05-17 02:08:14','2020-05-17 02:08:14','voyager.dashboard',NULL),(3,1,'Users','','_self','voyager-person',NULL,NULL,6,'2020-05-17 02:08:14','2020-08-03 08:42:50','voyager.users.index',NULL),(6,1,'Menu Builder','','_self','voyager-list',NULL,5,1,'2020-05-17 02:08:14','2020-05-21 00:11:15','voyager.menus.index',NULL),(7,1,'Database','','_self','voyager-data',NULL,5,2,'2020-05-17 02:08:14','2020-06-04 10:14:48','voyager.database.index',NULL),(9,1,'BREAD','','_self','voyager-bread',NULL,5,3,'2020-05-17 02:08:14','2020-06-04 10:14:48','voyager.bread.index',NULL),(10,1,'Settings','','_self','voyager-settings',NULL,5,4,'2020-05-17 02:08:14','2020-06-04 10:14:48','voyager.settings.index',NULL),(12,1,'Categories','','_self','voyager-file-text','#000000',35,1,'2020-05-17 02:27:35','2020-06-04 10:14:36','voyager.categories.index','null'),(14,1,'Orders','','_self','voyager-logbook','#000000',34,1,'2020-05-17 02:27:58','2020-06-04 10:14:10','voyager.orders.index','null'),(15,1,'All Products','','_self','voyager-bag','#000000',29,1,'2020-05-17 02:28:07','2020-08-03 08:41:58','voyager.products.index','null'),(16,1,'Sub Categories','','_self','voyager-categories',NULL,35,2,'2020-05-19 01:36:02','2020-08-03 08:42:57','voyager.sub-categories.index',NULL),(21,1,'Feedback','','_self','voyager-book','#000000',NULL,7,'2020-05-20 23:25:23','2020-08-03 08:42:50','voyager.feedback.index','null'),(25,1,'Popular Products','','_self',NULL,NULL,29,2,'2020-05-21 00:32:59','2020-08-03 08:42:53','voyager.popular-products.index',NULL),(26,1,'Recommended Products','','_self',NULL,NULL,29,3,'2020-05-21 00:42:50','2020-08-03 08:42:53','voyager.recommended-products.index',NULL),(29,1,'Product Categories','','_self','voyager-window-list','#000000',NULL,5,'2020-05-22 06:04:28','2020-08-03 08:42:07',NULL,''),(30,1,'Good Quality Products','','_self',NULL,NULL,29,4,'2020-05-22 06:23:45','2020-08-03 08:42:53','voyager.good-quality-products.index',NULL),(32,1,'Delivery Positions','','_self',NULL,NULL,34,3,'2020-05-25 22:59:46','2020-08-03 08:42:07','voyager.delivery-positions.index',NULL),(33,1,'Ordered Products','','_self',NULL,NULL,34,2,'2020-05-26 02:11:06','2020-06-04 10:14:22','voyager.ordered-products.index',NULL),(34,1,'Order Details','','_self','voyager-logbook','#000000',NULL,4,'2020-05-29 22:19:15','2020-08-03 08:42:07',NULL,''),(35,1,'Categorisation','','_self','voyager-tag','#000000',NULL,3,'2020-05-29 22:20:12','2020-08-03 08:42:07',NULL,''),(36,1,'Monthly Report','/admin/reports','_self',NULL,'#000000',37,1,'2020-05-30 00:08:34','2020-08-03 08:41:58',NULL,''),(37,1,'Reports','','_self','voyager-pie-chart','#000000',NULL,2,'2020-08-03 08:41:09','2020-08-03 08:42:07',NULL,''),(38,1,'Daily Report','/admin/daily-report','_self',NULL,'#000000',37,2,'2020-08-03 08:42:33','2020-08-03 08:42:57',NULL,''),(39,2,'Shares','/shares','_self',NULL,'#000000',NULL,8,'2020-08-16 19:43:59','2020-08-16 19:43:59',NULL,'');
/*!40000 ALTER TABLE `menu_items` ENABLE KEYS */;
UNLOCK TABLES;

--
-- Table structure for table `menus`
--

DROP TABLE IF EXISTS `menus`;
/*!40101 SET @saved_cs_client     = @@character_set_client */;
/*!40101 SET character_set_client = utf8 */;
CREATE TABLE `menus` (
  `id` int(10) unsigned NOT NULL AUTO_INCREMENT,
  `name` varchar(255) COLLATE utf8mb4_unicode_ci NOT NULL,
  `created_at` timestamp NULL DEFAULT NULL,
  `updated_at` timestamp NULL DEFAULT NULL,
  PRIMARY KEY (`id`),
  UNIQUE KEY `menus_name_unique` (`name`)
) ENGINE=InnoDB AUTO_INCREMENT=3 DEFAULT CHARSET=utf8mb4 COLLATE=utf8mb4_unicode_ci;
/*!40101 SET character_set_client = @saved_cs_client */;

--
-- Dumping data for table `menus`
--

LOCK TABLES `menus` WRITE;
/*!40000 ALTER TABLE `menus` DISABLE KEYS */;
INSERT INTO `menus` VALUES (1,'admin','2020-05-17 02:08:14','2020-05-17 02:08:14'),(2,'partner','2020-08-16 19:43:40','2020-08-16 19:43:40');
/*!40000 ALTER TABLE `menus` ENABLE KEYS */;
UNLOCK TABLES;

--
-- Table structure for table `migrations`
--

DROP TABLE IF EXISTS `migrations`;
/*!40101 SET @saved_cs_client     = @@character_set_client */;
/*!40101 SET character_set_client = utf8 */;
CREATE TABLE `migrations` (
  `id` int(10) unsigned NOT NULL AUTO_INCREMENT,
  `migration` varchar(255) COLLATE utf8mb4_unicode_ci NOT NULL,
  `batch` int(11) NOT NULL,
  PRIMARY KEY (`id`)
) ENGINE=InnoDB AUTO_INCREMENT=29 DEFAULT CHARSET=utf8mb4 COLLATE=utf8mb4_unicode_ci;
/*!40101 SET character_set_client = @saved_cs_client */;

--
-- Dumping data for table `migrations`
--

LOCK TABLES `migrations` WRITE;
/*!40000 ALTER TABLE `migrations` DISABLE KEYS */;
INSERT INTO `migrations` VALUES (1,'2014_10_12_000000_create_users_table',1),(2,'2016_01_01_000000_add_voyager_user_fields',1),(3,'2016_01_01_000000_create_data_types_table',1),(4,'2016_05_19_173453_create_menu_table',1),(5,'2016_10_21_190000_create_roles_table',1),(6,'2016_10_21_190000_create_settings_table',1),(7,'2016_11_30_135954_create_permission_table',1),(8,'2016_11_30_141208_create_permission_role_table',1),(9,'2016_12_26_201236_data_types__add__server_side',1),(10,'2017_01_13_000000_add_route_to_menu_items_table',1),(11,'2017_01_14_005015_create_translations_table',1),(12,'2017_01_15_000000_make_table_name_nullable_in_permissions_table',1),(13,'2017_03_06_000000_add_controller_to_data_types_table',1),(14,'2017_04_21_000000_add_order_to_data_rows_table',1),(15,'2017_07_05_210000_add_policyname_to_data_types_table',1),(16,'2017_08_05_000000_add_group_to_settings_table',1),(17,'2017_11_26_013050_add_user_role_relationship',1),(18,'2017_11_26_015000_create_user_roles_table',1),(19,'2018_03_11_000000_add_user_settings',1),(20,'2018_03_14_000000_add_details_to_data_types_table',1),(21,'2018_03_16_000000_make_settings_value_nullable',1),(22,'2019_08_19_000000_create_failed_jobs_table',1),(23,'2014_10_12_100000_create_password_resets_table',2),(24,'2016_06_01_000001_create_oauth_auth_codes_table',2),(25,'2016_06_01_000002_create_oauth_access_tokens_table',2),(26,'2016_06_01_000003_create_oauth_refresh_tokens_table',2),(27,'2016_06_01_000004_create_oauth_clients_table',2),(28,'2016_06_01_000005_create_oauth_personal_access_clients_table',2);
/*!40000 ALTER TABLE `migrations` ENABLE KEYS */;
UNLOCK TABLES;

--
-- Table structure for table `oauth_access_tokens`
--

DROP TABLE IF EXISTS `oauth_access_tokens`;
/*!40101 SET @saved_cs_client     = @@character_set_client */;
/*!40101 SET character_set_client = utf8 */;
CREATE TABLE `oauth_access_tokens` (
  `id` varchar(100) COLLATE utf8mb4_unicode_ci NOT NULL,
  `user_id` bigint(20) unsigned DEFAULT NULL,
  `client_id` bigint(20) unsigned NOT NULL,
  `name` varchar(255) COLLATE utf8mb4_unicode_ci DEFAULT NULL,
  `scopes` text COLLATE utf8mb4_unicode_ci,
  `revoked` tinyint(1) NOT NULL,
  `created_at` timestamp NULL DEFAULT NULL,
  `updated_at` timestamp NULL DEFAULT NULL,
  `expires_at` datetime DEFAULT NULL,
  PRIMARY KEY (`id`),
  KEY `oauth_access_tokens_user_id_index` (`user_id`)
) ENGINE=InnoDB DEFAULT CHARSET=utf8mb4 COLLATE=utf8mb4_unicode_ci;
/*!40101 SET character_set_client = @saved_cs_client */;

--
-- Dumping data for table `oauth_access_tokens`
--

LOCK TABLES `oauth_access_tokens` WRITE;
/*!40000 ALTER TABLE `oauth_access_tokens` DISABLE KEYS */;
INSERT INTO `oauth_access_tokens` VALUES ('0020616be498a3a8c95e4da42263caf54ba72ced8a299a52b49771f755c9f699d87684c39f03f17a',69,1,'MyApp','[]',0,'2020-07-20 14:53:14','2020-07-20 14:53:14','2021-07-20 14:53:14'),('021a39adfb3eecae2e7b3adab4e88898dbd8ed44711c93eb193303e64d88d8c88679e6c0a20ffdeb',20,1,'MyApp','[]',0,'2020-07-19 11:11:37','2020-07-19 11:11:37','2021-07-19 11:11:37'),('02c43b44e3f10887647a5e37f714ba6165febb9649d98a569b279b21a29f4aefd6647c32c7cb411b',19,1,'MyApp','[]',0,'2020-06-01 13:20:01','2020-06-01 13:20:01','2021-06-01 13:20:01'),('047338923547eaf7d0486ef0a427c1646c5da1a62fafe6f7ccacfd852f1647fa8afb05a31d87e4f4',13,1,'MyApp','[]',0,'2020-06-08 12:25:17','2020-06-08 12:25:17','2021-06-08 12:25:17'),('047d19d9a31c8dcba33f83ea947348c01889648d5f2640b54ef2771ed036635f9b6b5ebc95c95bdb',55,1,'MyApp','[]',0,'2020-07-20 14:53:00','2020-07-20 14:53:00','2021-07-20 14:53:00'),('049b6c0eeeaa08f27f31bd8d6813672b838f382496d454c696bb77fc66f08bd96af8b641b6f90955',19,1,'MyApp','[]',0,'2020-06-05 15:38:59','2020-06-05 15:38:59','2021-06-05 15:38:59'),('054e09241956881d2ed226cc546b6083854a0652aff4e533c350a2ab7430d3d9cce7928a2c8099f1',5,1,'MyApp','[]',0,'2020-05-19 01:14:07','2020-05-19 01:14:07','2021-05-19 06:44:07'),('05a981c098d1712e9c15d241544053d574fac6f3750f1666702ce824cdd301355f667da8e9ec0eac',14,1,'MyApp','[]',0,'2020-06-01 12:19:10','2020-06-01 12:19:10','2021-06-01 12:19:10'),('0677d7186d85ad0dfad51875b665d59b5d3f2c0998a6b0321dcf93929dcad729fa41706200b4c574',41,1,'MyApp','[]',0,'2020-06-28 19:39:25','2020-06-28 19:39:25','2021-06-28 19:39:25'),('0818934de33f244cd8120ec405e4e42e5435093a0e940fceda0e548982ec1ad43b063703acc6107c',46,1,'MyApp','[]',0,'2020-07-11 16:14:40','2020-07-11 16:14:40','2021-07-11 16:14:40'),('093ccf64e7d9d60cb10648470b5ae9884459acaca388a41c20d17a2c479cb98aa485b76db577df83',21,1,'MyApp','[]',0,'2020-07-10 23:37:30','2020-07-10 23:37:30','2021-07-10 23:37:30'),('0976030a2fd62483b1a0a19d07dd659c60a227b4b5b550f0f51f7aadbcc2f5ac110eb451d69df384',22,1,'MyApp','[]',0,'2020-06-12 19:03:21','2020-06-12 19:03:21','2021-06-12 19:03:21'),('0bab5521e8a31f1139a4513a0dcc1693e86e8c0d60f74dafded8a47a440cb40072f6b5396524678a',23,1,'MyApp','[]',0,'2020-06-05 19:50:19','2020-06-05 19:50:19','2021-06-05 19:50:19'),('0cbe4f074ed1665282c8ada8de1fb4e2b8731b0687c9a6c0bcf20b2f366e16bcde0822ae49d467fd',58,1,'MyApp','[]',0,'2020-07-12 20:32:35','2020-07-12 20:32:35','2021-07-12 20:32:35'),('0d67d52358ad57f306e5c36e504c7de9f530695c4e2af4d09fdd5d94d91ea44674f6ca4d00367f14',20,1,'MyApp','[]',0,'2020-06-05 20:16:39','2020-06-05 20:16:39','2021-06-05 20:16:39'),('106b312bed316b0e155e408f941512077648cee970456c9f019005b110054a5e1f61675d003f6648',21,1,'MyApp','[]',0,'2020-06-19 13:00:24','2020-06-19 13:00:24','2021-06-19 13:00:24'),('126bfad2e124cd5b644e24a2955cc274635cc8f21c986e20a9801a560e5557c89e776259dc062374',17,1,'MyApp','[]',0,'2020-06-01 12:37:05','2020-06-01 12:37:05','2021-06-01 12:37:05'),('127edad4868fdef6f586d8fbd75e4cefdbafebf3304d40f7b95fa0f32d17e95a6fc21eabb707a65f',20,1,'MyApp','[]',0,'2020-06-01 13:15:45','2020-06-01 13:15:45','2021-06-01 13:15:45'),('12bd0a4b73130ce0490f4d47371c8c385318d63e66afdb4b2429dd924c17a35a2e55885753a3b4c0',56,1,'MyApp','[]',0,'2020-07-12 14:58:11','2020-07-12 14:58:11','2021-07-12 14:58:11'),('14a1249896de5f1effb81b9ff8f08bc1e7c5a73db43f5bc7f51a50d174eb0933b01b24deca9df716',12,1,'MyApp','[]',0,'2020-05-24 22:45:51','2020-05-24 22:45:51','2021-05-25 04:15:51'),('153af983547f11de79f101f4a32463c2f4ac92ca5cc39619d4548f30c32345fba81f20eb96b71d6d',20,1,'MyApp','[]',0,'2020-06-06 17:50:57','2020-06-06 17:50:57','2021-06-06 17:50:57'),('15ffaa3a94c93442916a1798005ae56440e8ee1d8305707234e1661ae9481bf6324531a1b8acf392',5,1,'MyApp','[]',0,'2020-05-21 00:03:38','2020-05-21 00:03:38','2021-05-21 05:33:38'),('165546c54683b52c372f7485e8d8d4841bdf8549050486b3b979911dcea98f9a094afa2b8a7aac97',21,1,'MyApp','[]',0,'2020-06-08 08:44:18','2020-06-08 08:44:18','2021-06-08 08:44:18'),('175385e72abb71ab336a4619a0acb3476292eb9cb6df8c4e24d6569d4d53114a016208d6f0864d3b',22,1,'MyApp','[]',0,'2020-06-06 20:32:27','2020-06-06 20:32:27','2021-06-06 20:32:27'),('178af59807a0e7cdc62f68485bee5a25f52476c25dc4575fed6a4f2641a4be3306cfc8604c53bea8',58,1,'MyApp','[]',0,'2020-07-12 20:28:15','2020-07-12 20:28:15','2021-07-12 20:28:15'),('185723f2781efd4db9c244a1453ef432f71ae1fbacf2249458fadd0e4f9736268cd10e4fb05febb2',10,1,'MyApp','[]',0,'2020-05-22 01:45:51','2020-05-22 01:45:51','2021-05-22 07:15:51'),('18eb9c9e5e37cf3648a3da17d7b5d81008eb1e07d5399a32601cb34e38c0800001ec47dcd68a44d6',20,1,'MyApp','[]',0,'2020-06-01 15:59:42','2020-06-01 15:59:42','2021-06-01 15:59:42'),('199f5a9a9bbec58db66c27b1ac2f792dacdb26ad65fb3b6089976c24074762097c619287c60d40c4',3,1,'MyApp','[]',0,'2020-05-25 08:33:35','2020-05-25 08:33:35','2021-05-25 14:03:35'),('1a89ab31fb00efe30435677098de345d98cf6406bd22afd8a8090bc7434be31b72bdfc880043ec54',20,1,'MyApp','[]',0,'2020-07-13 21:33:01','2020-07-13 21:33:01','2021-07-13 21:33:01'),('1b7f6bcde85384b8875db8bdb8764295fdbd46c47b10db96c05c64dec996bb0e9303e6a3cd48c849',10,1,'MyApp','[]',0,'2020-05-22 01:27:51','2020-05-22 01:27:51','2021-05-22 06:57:51'),('1bc9a3141586a060bf64f6dff6f4ef0666fb50265bf8f08bdf67805b2b81ed3414e13823999d2fb6',22,1,'MyApp','[]',0,'2020-06-06 12:08:24','2020-06-06 12:08:24','2021-06-06 12:08:24'),('1da68ee4414ca5cb624c13dea91885dd438cc1093749c02a09bcbb2b208fb7623c0a4419f28c2d4e',21,1,'MyApp','[]',0,'2020-06-05 21:30:39','2020-06-05 21:30:39','2021-06-05 21:30:39'),('1ed40c6fb95bc65c25b65bce214788315e6b56f0e93b663ced6999c166c21a9f66290869736c9527',37,1,'MyApp','[]',0,'2020-06-29 12:47:58','2020-06-29 12:47:58','2021-06-29 12:47:58'),('2054189e2d82909dcdaea516c337f0853c220ade810136501970a71e05c80cb90c7dfb2933eaf207',16,1,'MyApp','[]',0,'2020-06-01 12:09:43','2020-06-01 12:09:43','2021-06-01 12:09:43'),('217bafbaabfe9af6314a2d407a6141d2d51ff069e87655a55d377f37a1e339ee46cabb4f7f736ba0',57,1,'MyApp','[]',0,'2020-07-12 20:21:47','2020-07-12 20:21:47','2021-07-12 20:21:47'),('21b77086e787fd02153c5a11ff6ba7d0e432f5d72927e1bd7ae95d831c5c91628be5ab86a8dbee55',26,1,'MyApp','[]',0,'2020-06-09 20:43:31','2020-06-09 20:43:31','2021-06-09 20:43:31'),('222b6cd2aedca6bdd01f772bc269a49d95c52be666c58a9fe618a0a49a6edbc203542cea571b2657',12,1,'MyApp','[]',0,'2020-05-24 22:45:54','2020-05-24 22:45:54','2021-05-25 04:15:54'),('226137b317f8ce0aed3e09bb12355b9b80c3c77e5c02f51b753830b442cca5efb183a8b0d19e32e6',21,1,'MyApp','[]',0,'2020-06-20 08:05:13','2020-06-20 08:05:13','2021-06-20 08:05:13'),('237477fc4b27969c08044501e052fce2a6dfdc9dc07b308a306022fafaed70a603d5e267d089cb13',21,1,'MyApp','[]',0,'2020-06-06 06:59:12','2020-06-06 06:59:12','2021-06-06 06:59:12'),('237d8f7aa683140f390f7f98871ae8c0d4adf9bc85cdb1444ae72a44f174a280df9508f587dbb956',13,1,'MyApp','[]',0,'2020-05-26 22:15:31','2020-05-26 22:15:31','2021-05-27 03:45:31'),('25ef25aa7f63554a1b908e253e96d7bd3f47883cf4188176f3c935a06c422c3784becfe772a30bf7',13,1,'MyApp','[]',0,'2020-06-11 10:38:04','2020-06-11 10:38:04','2021-06-11 10:38:04'),('267796268310896e2b8047208e70a80c03d90920876cde3b3357e5c6779a4016c0c4b7601635f377',58,1,'MyApp','[]',0,'2020-07-14 15:54:01','2020-07-14 15:54:01','2021-07-14 15:54:01'),('2a634a935cb3ea522516a400c3429f895d5765a1933797c4fb762b8f404c9ba91c7de0543bf41129',21,1,'MyApp','[]',0,'2020-07-11 14:10:17','2020-07-11 14:10:17','2021-07-11 14:10:17'),('2bc74bb1919b0299523f63e245cd57c932cd5ac2f1024c55e47bcd3abe2de0aee52372df0cd54516',20,1,'MyApp','[]',0,'2020-06-24 09:53:45','2020-06-24 09:53:45','2021-06-24 09:53:45'),('2d70f5e5ec34ea4ebbc7af60f214ed36de256ec7fc4b8599052cab424eb3909c9974d652b81e9ef1',36,1,'MyApp','[]',0,'2020-06-20 10:58:51','2020-06-20 10:58:51','2021-06-20 10:58:51'),('2e8d37132bf27b22a11c5df08e86aa69a2e606ecb079e0be9ae8918ef77fcd6926ef05cce8818d47',21,1,'MyApp','[]',0,'2020-06-18 13:24:48','2020-06-18 13:24:48','2021-06-18 13:24:48'),('30b4cd7169818363a5e27972b15ab47c186442fd46b0a9e825e867b86b504cb4885f10adb7bff7dc',46,1,'MyApp','[]',0,'2020-07-15 06:26:38','2020-07-15 06:26:38','2021-07-15 06:26:38'),('31307aaea8e92426e8ec9f2d1f855c82befae7b658a3323eeb26cfc7832456ca9eeda145e019f086',22,1,'MyApp','[]',0,'2020-06-04 17:47:59','2020-06-04 17:47:59','2021-06-04 17:47:59'),('31553f5e350a1fce8488ecabedd0b663f3b7ba3bd154be46ad29a3bdca503686705353787ad3d269',20,1,'MyApp','[]',0,'2020-06-01 13:18:25','2020-06-01 13:18:25','2021-06-01 13:18:25'),('33673e6028390dbaf076683b95765ace9b9760bf82b142fa1bc9abed908f5fbcff11c43a42d28d6d',46,1,'MyApp','[]',0,'2020-07-20 10:19:19','2020-07-20 10:19:19','2021-07-20 10:19:19'),('34d2e43ef017f513cc221e02d3524fbedaa2b68a4bd703255bf5f8fab674217719bc4677f4527d9e',58,1,'MyApp','[]',0,'2020-07-22 13:56:34','2020-07-22 13:56:34','2021-07-22 13:56:34'),('350036c96e2c81f6d43dbeaa01585574d53ba96cd534ff60de03941dd313d63ea6f063e4580ace05',19,1,'MyApp','[]',0,'2020-06-12 17:45:01','2020-06-12 17:45:01','2021-06-12 17:45:01'),('3674697c7e44bf43d8341661e725d4b919eed25dc8f09f23327c33e6e0d1da3227845a8949375576',13,1,'MyApp','[]',0,'2020-06-01 12:33:56','2020-06-01 12:33:56','2021-06-01 12:33:56'),('37f8c2bee069dc8263ad411d9fd9ba2255f5a4f844af01722ab021b511a7730e23c8fe36b12bc8a9',20,1,'MyApp','[]',0,'2020-06-18 13:06:14','2020-06-18 13:06:14','2021-06-18 13:06:14'),('38173877b291205f1bb7817a10675f90c16a06e2afe83a9b276eb4866cb3bb05437851dead38ec2d',21,1,'MyApp','[]',0,'2020-06-08 13:13:21','2020-06-08 13:13:21','2021-06-08 13:13:21'),('38ececdb8818dc0f497cba947eb52ba530fca2e1f0e16789da40c90c5ce397448ff12a7c4983511e',41,1,'MyApp','[]',0,'2020-07-07 21:50:50','2020-07-07 21:50:50','2021-07-07 21:50:50'),('39d422e24a6395707f32df0425685d817da35f68906bb7d82385d8cc8bcf1e4077f6e5b21cfb7a0e',21,1,'MyApp','[]',0,'2020-06-05 14:51:42','2020-06-05 14:51:42','2021-06-05 14:51:42'),('3de5b137798a14e56df57c02b95c42a83291189d08eaa99121c1bd814c7601a0a70f29c72535e250',20,1,'MyApp','[]',0,'2020-06-05 12:55:48','2020-06-05 12:55:48','2021-06-05 12:55:48'),('3e6937c8c1a23d0ae760a75b0b9a1638ebc86213655a6ca32f6fd20c34ef49fad024eca80a2000ca',46,1,'MyApp','[]',0,'2020-07-18 11:06:38','2020-07-18 11:06:38','2021-07-18 11:06:38'),('3f2775cb368b283939116538c4fe34bc5c10871bdd42d37638c6ae64fc9ebcce1269acea3f10fbce',58,1,'MyApp','[]',0,'2020-07-12 20:31:25','2020-07-12 20:31:25','2021-07-12 20:31:25'),('3fbe056be62405fc15fcc6d25bcf727000cd688d7b9615c3dd35ae792861beda02b1186c6255d525',54,1,'MyApp','[]',0,'2020-07-12 14:51:35','2020-07-12 14:51:35','2021-07-12 14:51:35'),('4032fd8f3547f50de8391b8a9f5263633eeb3a52e7fa65d522e7f27bf45c5f48951795368590fc79',43,1,'MyApp','[]',0,'2020-06-30 12:55:22','2020-06-30 12:55:22','2021-06-30 12:55:22'),('40337bedfc787e245ce42469bd6c10bbe9fbf5b84daffe671df2f870adb14eafed2ecf22c2493437',67,1,'MyApp','[]',0,'2020-07-19 12:13:24','2020-07-19 12:13:24','2021-07-19 12:13:24'),('41a3e93778da4bdc36a4c3abce44d60a0cfa1b9aec6842ac5a1eafb0b9f81f730118145e65c02d9f',20,1,'MyApp','[]',0,'2020-06-01 17:08:21','2020-06-01 17:08:21','2021-06-01 17:08:21'),('4200ca98748bd252609ae2906f7b9574667801b125ef19617f7bb28538671381169ffc7bbf778ed2',14,1,'MyApp','[]',0,'2020-06-01 10:51:37','2020-06-01 10:51:37','2021-06-01 10:51:37'),('427e564b13b8c8336429ed21b9796ac4cfd4e62044c46036dac4335e6cf0d1ae839ac6cfc966122f',44,1,'MyApp','[]',0,'2020-07-01 13:12:36','2020-07-01 13:12:36','2021-07-01 13:12:36'),('4525a568841ce77fba7a73a8176f46982f99177018cff02e8ba70ceb6bbdf59634ae6a0e79ad54a7',59,1,'MyApp','[]',0,'2020-07-13 13:12:18','2020-07-13 13:12:18','2021-07-13 13:12:18'),('46e5b11239a27f2394d62ae6a01dc74fc5419d06c8d8230040cb5a7c549328d38b1692284756619c',20,1,'MyApp','[]',0,'2020-07-13 15:40:09','2020-07-13 15:40:09','2021-07-13 15:40:09'),('47489c8bfa29ff68123a34534f449a75c7f2e3d715e5b227c5f84e8b489131e574e6b91614e8dbd4',58,1,'MyApp','[]',0,'2020-07-19 10:48:43','2020-07-19 10:48:43','2021-07-19 10:48:43'),('488f85acb6b78c238096637d69ef9e17b5d2d9ec639828238142935a79156bdbc41350d575007f45',16,1,'MyApp','[]',0,'2020-06-01 12:23:09','2020-06-01 12:23:09','2021-06-01 12:23:09'),('4bf7503f820419ed7369209a5e48a377f33a92fbf58e2a9273f524fe01ec3172e2fc1ec18f99ff4b',19,1,'MyApp','[]',0,'2020-06-05 15:13:01','2020-06-05 15:13:01','2021-06-05 15:13:01'),('4ca5cab23c89b3392abbc83f05a9d3c5fc8e80c7938dfa6037472a1d50afe3a571dc93cf74ad495c',63,1,'MyApp','[]',0,'2020-07-16 18:27:24','2020-07-16 18:27:24','2021-07-16 18:27:24'),('4ff59d99283d4039fc79f07be729287d155a3395c6fb9e27c65067f5aa074978dca2a65b9f44a36d',61,1,'MyApp','[]',0,'2020-07-14 06:42:36','2020-07-14 06:42:36','2021-07-14 06:42:36'),('5159d20a0681f73f2507c1f5f3fb3ef8bb3d6276815646129950d8bc676bad6f47832357e7f0ecc2',21,1,'MyApp','[]',0,'2020-06-08 13:14:25','2020-06-08 13:14:25','2021-06-08 13:14:25'),('523c026adb478fed9679c5c8106f5232ad946d64ca9a441dcce55e45e89ad32bd4637877c9968908',59,1,'MyApp','[]',0,'2020-07-12 21:25:07','2020-07-12 21:25:07','2021-07-12 21:25:07'),('5315aaa008423b6fe799b39f9b3ae087a57ab41018e521bbbf7b2d95603b7b44ff176913e67155a6',46,1,'MyApp','[]',0,'2020-07-19 10:58:37','2020-07-19 10:58:37','2021-07-19 10:58:37'),('55ad11c0f62464d254a2d74b324f5062c62f9076aa20b54ee518965dd07df3df97c38edce4105051',59,1,'MyApp','[]',0,'2020-07-12 21:25:30','2020-07-12 21:25:30','2021-07-12 21:25:30'),('55f2f9fd949b0c55a556e54a0cdeb0e9d1d06351ffe0e16342ffefeb05a71b255ee8bb7c2c2eb6b4',20,1,'MyApp','[]',0,'2020-06-15 10:02:53','2020-06-15 10:02:53','2021-06-15 10:02:53'),('590c08f31240dd17dec5ffa8a409d844391e174477783cbf1159a7839161b4bc2f2981355c9eca38',3,1,'MyApp','[]',0,'2020-06-01 16:54:58','2020-06-01 16:54:58','2021-06-01 16:54:58'),('594dd6cecc5a4c6bda7b4e01d68d131d5007408165e151b6d6a32657d3f8b14911fdba54a7c89afd',20,1,'MyApp','[]',0,'2020-07-02 20:07:17','2020-07-02 20:07:17','2021-07-02 20:07:17'),('5b57718a8dff604beddef254b6d474e04a871d44bcae554b19eb1d6df8ddcab83c2ebe78089d1bfb',20,1,'MyApp','[]',0,'2020-06-06 18:13:23','2020-06-06 18:13:23','2021-06-06 18:13:23'),('5ba12ac81440122b4f56527e1d5261da8704c4fc97f4eca8d55c92868142eaa6d7984b644d659a62',20,1,'MyApp','[]',0,'2020-06-05 20:51:37','2020-06-05 20:51:37','2021-06-05 20:51:37'),('5fb891c561038444a60b8bc98260e6bc582dae2fbac04ec61ff388e852305a755c9d79100d8015d2',41,1,'MyApp','[]',0,'2020-06-29 09:58:17','2020-06-29 09:58:17','2021-06-29 09:58:17'),('600ed25f1a3ac56df3724f212df898bd2921e5d6e4095787f17d57ca47a177371c4e772e92c2249f',21,1,'MyApp','[]',0,'2020-06-06 20:31:35','2020-06-06 20:31:35','2021-06-06 20:31:35'),('617216a23c966c9955dacda2eabdfc02680d0de7a1f43371d41e02dd93a64b0b1f112c8cd62f0f78',37,1,'MyApp','[]',0,'2020-06-20 11:57:58','2020-06-20 11:57:58','2021-06-20 11:57:58'),('61de45a211555783e1a6f748046f7421e88e433f99b7f3544a54860564d556b99edc9f11f77022b7',46,1,'MyApp','[]',0,'2020-07-10 17:22:29','2020-07-10 17:22:29','2021-07-10 17:22:29'),('61fb2f5929b950a76a8f2b1ea57be4f951e87cdcf9d5c36dedc881bf42a95b845a08fb8349df6151',14,1,'MyApp','[]',0,'2020-06-01 13:07:30','2020-06-01 13:07:30','2021-06-01 13:07:30'),('61fb59126cd37eb17b3a8beae86e3941940c400bc31dc6aa609a0d7a9dafebeb08d9aecbee86ace5',28,1,'MyApp','[]',0,'2020-06-09 15:41:42','2020-06-09 15:41:42','2021-06-09 15:41:42'),('62c3eb473f1173a92738ad235c3fa83693abedff69d2772698996c82c74dc455aa4325da0a436ba7',36,1,'MyApp','[]',0,'2020-06-20 10:59:36','2020-06-20 10:59:36','2021-06-20 10:59:36'),('62fa4315a183edd014300fbcba3e7a0d3ea063a3fca4ff7da7bb888fe953146b69d4c5004fdb5bd4',21,1,'MyApp','[]',0,'2020-06-05 15:37:43','2020-06-05 15:37:43','2021-06-05 15:37:43'),('64083615c167e510d543b371668f767c9ba9b0762f075554a72f1d44a10a69ec6706e23983d36c78',22,1,'MyApp','[]',0,'2020-06-05 12:46:07','2020-06-05 12:46:07','2021-06-05 12:46:07'),('655f51c87028d362aac1c299d91f001cc7e2a039c3a0133428a569fcb336bc4fbe2fab19260189d2',60,1,'MyApp','[]',0,'2020-07-13 10:42:27','2020-07-13 10:42:27','2021-07-13 10:42:27'),('65c78cbdf9398042b66b068caa61c911d30e7cd7b46f86ffe682f66c1398b83492db08fc4b84c82f',10,1,'MyApp','[]',0,'2020-05-22 07:58:48','2020-05-22 07:58:48','2021-05-22 13:28:48'),('6638956678a2927e622f36adf34856e9fb77b5ce5c0ec6bcc9eab5a7d7f118b24a338e2cefe9fa10',4,1,'MyApp','[]',0,'2020-05-19 01:10:21','2020-05-19 01:10:21','2021-05-19 06:40:21'),('66e6677d4ed551f16def7e4fe4e37c16adfe6ff7590c337a20aa1939806a1db657aff23e1ac449fb',19,1,'MyApp','[]',0,'2020-06-01 12:54:27','2020-06-01 12:54:27','2021-06-01 12:54:27'),('671bcfe5f33e27c7235cc02dff2d5877392aa01143198a0ef463aa687f19e5a0a8798f2182d98b6d',20,1,'MyApp','[]',0,'2020-06-20 11:21:26','2020-06-20 11:21:26','2021-06-20 11:21:26'),('67efb99bbbd1db6701bd26a64948695eab82ad625be4a065f47d1c171bcaf245103155bcbccbafc6',21,1,'MyApp','[]',0,'2020-06-12 18:55:09','2020-06-12 18:55:09','2021-06-12 18:55:09'),('696fbf0ea651877d5d060172146729b2426eaf551f24b794365b534f7f1dc608ad581fb8454714d6',32,1,'MyApp','[]',0,'2020-06-11 09:10:05','2020-06-11 09:10:05','2021-06-11 09:10:05'),('6a6dcce0aedcfbf3d90079971a4f7c5ea494f40d4599a4a2e8c734fe4d4f3905b654a96a02273d5c',14,1,'MyApp','[]',0,'2020-06-01 13:13:36','2020-06-01 13:13:36','2021-06-01 13:13:36'),('6a8a6db2268e86d6390da94282f45b4503116b71ff0b90d05bcbedfee64b94272e75f18aa12467fc',46,1,'MyApp','[]',0,'2020-07-10 23:37:04','2020-07-10 23:37:04','2021-07-10 23:37:04'),('6b97f779e9ca6c1803785f33129e3988aed8675807ecfd70ab50acc57fd3f456645876675d33bf1f',21,1,'MyApp','[]',0,'2020-06-09 19:11:12','2020-06-09 19:11:12','2021-06-09 19:11:12'),('6c3d95249c696df79e526517511fcd929994b4167724cd304fc5e4e3ed62b39b0d13d4110d2370e2',58,1,'MyApp','[]',0,'2020-07-14 16:31:01','2020-07-14 16:31:01','2021-07-14 16:31:01'),('6d4be18f8370a74d7930671de336f519a1f94c05caec394c9d883a38b18d35466aad3d55862cff11',20,1,'MyApp','[]',0,'2020-06-05 19:41:43','2020-06-05 19:41:43','2021-06-05 19:41:43'),('6db15b1890c5bfa56cbb274b4c66645c6b7f6de965c1fbc7de4cdb54aa363cebbda77b8765be294d',20,1,'MyApp','[]',0,'2020-07-11 18:28:31','2020-07-11 18:28:31','2021-07-11 18:28:31'),('6ebd7db6bb4fb2fdce565840e352030e28d62072604cdbfdd5ec1d9c2675fe0c84498719fb54ceb6',46,1,'MyApp','[]',0,'2020-07-11 16:34:30','2020-07-11 16:34:30','2021-07-11 16:34:30'),('71cf97c77508c1607958de47566acd7420a055b61cfdf3891934e8373b0b03bf01781102e31e38cb',37,1,'MyApp','[]',0,'2020-06-29 12:40:46','2020-06-29 12:40:46','2021-06-29 12:40:46'),('72ceea092ad4c9563855b2e9892f938dc190e63f105e1254adfad749d34a29bec40e54c3fe655214',21,1,'MyApp','[]',0,'2020-07-03 09:39:52','2020-07-03 09:39:52','2021-07-03 09:39:52'),('7485784813cd6c4949aaae9adf4a57a65c66401847a56e804f7e06688da97afca6de68e57ee570e3',10,1,'MyApp','[]',0,'2020-05-22 01:44:24','2020-05-22 01:44:24','2021-05-22 07:14:24'),('76a33f9c3332b482b6e683c96702005bb4428cada4187c181fbfa85b30bf6052daa3938cdcfd54f1',58,1,'MyApp','[]',0,'2020-07-19 10:31:19','2020-07-19 10:31:19','2021-07-19 10:31:19'),('76b32ade75e8aeace9133d96b675fd1836f57530536cf6c2e8b27d3dc1222d88f6eeb07f541badb3',10,1,'MyApp','[]',0,'2020-05-22 07:19:01','2020-05-22 07:19:01','2021-05-22 12:49:01'),('76ce4e8ed4e17f5a0e241e8c1e8a30b42e124e821fea7fe0e960ec8541e9e9e3f33ab3d259873d0f',41,1,'MyApp','[]',0,'2020-07-06 21:18:46','2020-07-06 21:18:46','2021-07-06 21:18:46'),('77cd63952f3960657bc4fd50c4deaf21bb0c4b0b733c5e51acf42d9523f08b86a51e06f6e733acc1',37,1,'MyApp','[]',0,'2020-07-09 21:55:57','2020-07-09 21:55:57','2021-07-09 21:55:57'),('7835ee4ec6403499892240d1b337582c6b46bede7007c856959b09c970dbe3fabc5c00432cb4d72f',14,1,'MyApp','[]',0,'2020-06-01 10:21:04','2020-06-01 10:21:04','2021-06-01 10:21:04'),('78851fcb6592120f8af52f4ae26e7a21c17711c0ad693e116dd28ad78edc4bf4490fac595b7c278a',3,1,'MyApp','[]',0,'2020-06-01 12:35:45','2020-06-01 12:35:45','2021-06-01 12:35:45'),('78bf83134dbdd919cc491651d57c4215632da24252a1f582522304880a3df8f84f93d19db2cbd366',58,1,'MyApp','[]',0,'2020-07-12 20:29:11','2020-07-12 20:29:11','2021-07-12 20:29:11'),('79c467c3fa727f584b6502ba11d838462502563f164e8e4c8916c82e4413394eed78fc98f137fad3',3,1,'MyApp','[]',0,'2020-05-31 13:18:47','2020-05-31 13:18:47','2021-05-31 18:48:47'),('7a189e257ee0e1d1bc371cc8d1fa5735a05398cec82f0a27d272c5e8231e4c17cb1b2f06ec505dee',20,1,'MyApp','[]',0,'2020-07-13 15:27:50','2020-07-13 15:27:50','2021-07-13 15:27:50'),('7a9810e3d7f5741dc442a437246001ed1cac9a2c69aad7aaa23478736f69a1f594afb4a027e35c93',20,1,'MyApp','[]',0,'2020-07-20 17:35:33','2020-07-20 17:35:33','2021-07-20 17:35:33'),('7ba4bd446f81a8e05e4942b1b4b606d3861556dc8b20c8cfa901efc2ee73f665fde34093336ba9d7',46,1,'MyApp','[]',0,'2020-07-14 06:36:38','2020-07-14 06:36:38','2021-07-14 06:36:38'),('7beec26501b657b771d9ba56b29c85e337a6a1c6dc37bdd18bc503c625e8946bbee8effff82b82bc',36,1,'MyApp','[]',0,'2020-06-20 10:59:09','2020-06-20 10:59:09','2021-06-20 10:59:09'),('7c61fcde5fe38b3b6b22a13016e8526f604f30036be07c42c91e3813bc9b9184b2527cffa2cd9411',57,1,'MyApp','[]',0,'2020-07-12 20:21:58','2020-07-12 20:21:58','2021-07-12 20:21:58'),('7d5a6c0c260e28224a8fdb5432cfe97007db54259119bd270d32a15c885a882df8e4db8b5c4bfdaf',33,1,'MyApp','[]',0,'2020-06-11 12:36:50','2020-06-11 12:36:50','2021-06-11 12:36:50'),('7ed681069aa0ae2f2fc12cb89edbc5aac751dfa2e3ed10e5a4a09d884fa259feca6f4beecef4e6cf',66,1,'MyApp','[]',0,'2020-07-18 19:44:25','2020-07-18 19:44:25','2021-07-18 19:44:25'),('8052c34d31f6f202fd76c2d7d3073a312480fe01efee8355afd32688ebfe4c22e2adcc5c6d1baea1',13,1,'MyApp','[]',0,'2020-05-29 02:00:24','2020-05-29 02:00:24','2021-05-29 07:30:24'),('81cf60d0a3acb0ade74e8a9bf998d44f21b8c8d72a1a8699dd713d381ec4a0fe485213b06a74da02',20,1,'MyApp','[]',0,'2020-07-18 17:10:09','2020-07-18 17:10:09','2021-07-18 17:10:09'),('81e52d5eccbbacf7c54e329cb289f2f76a19fc0983506597eba17d2f43ccf12c3924e290d39f7524',46,1,'MyApp','[]',0,'2020-07-12 14:48:54','2020-07-12 14:48:54','2021-07-12 14:48:54'),('843dbf9a29b472490b5dd93303b27c1c7492ebdba13728f3f20a7a4bf5991c35563a33f25a006989',41,1,'MyApp','[]',0,'2020-07-03 09:40:09','2020-07-03 09:40:09','2021-07-03 09:40:09'),('84938bd79411ac7e9d5a9fe5ede03b5cfcad937cca11cb46661b74e991635d29a2a8b746828ed545',58,1,'MyApp','[]',0,'2020-07-20 17:35:57','2020-07-20 17:35:57','2021-07-20 17:35:57'),('85436e6e946837839cdb879520d7d65941f2989c35e53117e1ee2c4be4b6fd573106eaafc67e406e',21,1,'MyApp','[]',0,'2020-06-09 19:11:12','2020-06-09 19:11:12','2021-06-09 19:11:12'),('859b807ca47c86951e76a2e6d950c9941cda28ea0bae9b23ef0ee9f4068e9eb18475de6b9cfe4c32',20,1,'MyApp','[]',0,'2020-06-05 13:58:35','2020-06-05 13:58:35','2021-06-05 13:58:35'),('85a19105f894edf760c5c95f2915b6d97201962b1f84b2fdf2fa39274ae9484b016f945fe2d1a132',55,1,'MyApp','[]',0,'2020-07-12 14:58:03','2020-07-12 14:58:03','2021-07-12 14:58:03'),('85f776398b3e9fe74038b8e82d9f7b2be91d46b2bc4df6b6d7748ca0f8943567b5b25c5600c867a8',32,1,'MyApp','[]',0,'2020-06-09 22:55:40','2020-06-09 22:55:40','2021-06-09 22:55:40'),('86675c013c1a6c3a54b59fed750e8254758c1af9be36c0ab074013a5f6b5de7a6c909fe63a567ceb',53,1,'MyApp','[]',0,'2020-07-12 13:59:20','2020-07-12 13:59:20','2021-07-12 13:59:20'),('87e1901ce761dfbddffceccf69a2ebae8adf8a61eb9f2bf6d9698163700a4281e0e25f0d672c70f9',16,1,'MyApp','[]',0,'2020-06-01 10:37:48','2020-06-01 10:37:48','2021-06-01 10:37:48'),('88a5f7c1881813d298771ad1503f986d57db1830e70b08c3898003a1f36b59b36f2a148e675e6f6e',58,1,'MyApp','[]',0,'2020-07-12 20:30:34','2020-07-12 20:30:34','2021-07-12 20:30:34'),('88dcc7a01a293b5bf9e581aba656634b90d881ac57bf917aff578880e5c50ad92aaea1508c0cd776',22,1,'MyApp','[]',0,'2020-06-20 11:52:29','2020-06-20 11:52:29','2021-06-20 11:52:29'),('88e1d2135a984b966cb917110bed7492d5a4b6eb733ec254f4a9c22d0604daf1cbe19817e9114d20',46,1,'MyApp','[]',0,'2020-07-08 14:32:30','2020-07-08 14:32:30','2021-07-08 14:32:30'),('89032535f44a2d1a023e500c891347a76fc9fbb5a6c485832be3e8ef09b97e3fa648a0cefa84100d',46,1,'MyApp','[]',0,'2020-07-18 11:04:47','2020-07-18 11:04:47','2021-07-18 11:04:47'),('8b33b9142b48300d20a9b6c7d5d7677334f21e41852f21e87e53167e6e415b90229b21052f120216',45,1,'MyApp','[]',0,'2020-07-07 21:17:15','2020-07-07 21:17:15','2021-07-07 21:17:15'),('8b6bfb61ca373207b7ba196ec863f4ef7784db22e4418158be7d0cfe8be81b9962256e5bbf44fca3',20,1,'MyApp','[]',0,'2020-06-27 19:13:37','2020-06-27 19:13:37','2021-06-27 19:13:37'),('8bd2a4d2356f79d226ba314e1dd833a861f5c05c558903d8a3baf1ed865d2d3140235e85f1b038f2',3,1,'MyApp','[]',0,'2020-05-22 09:47:41','2020-05-22 09:47:41','2021-05-22 15:17:41'),('8e33492288de53e8adfeed6a78b8bb7dee2c24f5b0d3034ba6d28f38e4e0660368ac2ebb3e31eb47',41,1,'MyApp','[]',0,'2020-07-02 16:58:20','2020-07-02 16:58:20','2021-07-02 16:58:20'),('90b2e6206e925334283dac726d9fa25a0f35a04a8cfe72c4af377360f7b13035562ae4ed05b33059',49,1,'MyApp','[]',0,'2020-07-08 16:43:06','2020-07-08 16:43:06','2021-07-08 16:43:06'),('9216e101648fb85a90e492bc376a7dda417b64999a686a01ec6e40f5db6a658f8f786381f178e904',50,1,'MyApp','[]',0,'2020-07-08 18:21:51','2020-07-08 18:21:51','2021-07-08 18:21:51'),('95dd39391b5726651056ff6e0e57403d96fa4c0c799dbde915575110c479f31cb6f5f02551d35fce',19,1,'MyApp','[]',0,'2020-06-03 12:52:54','2020-06-03 12:52:54','2021-06-03 12:52:54'),('964a1515c3279726643b577b42640b689fde6e2a0537066adbc64177e5a033f617b061097f79e278',13,1,'MyApp','[]',0,'2020-05-29 02:43:41','2020-05-29 02:43:41','2021-05-29 08:13:41'),('9a76d8f04f63e423abbfb0ef762d5b967095dd974aa9b76041e9e78c1180715ba2b0eb139fcdb7b7',26,1,'MyApp','[]',0,'2020-06-06 12:05:59','2020-06-06 12:05:59','2021-06-06 12:05:59'),('9ac8a16f83bda058220fb11c2dd670fad00d0a53c879e83e27fa9d22c985dbaa3d4926968aafbbc5',21,1,'MyApp','[]',0,'2020-06-04 15:18:44','2020-06-04 15:18:44','2021-06-04 15:18:44'),('9b618fdebe8ed656ba086561a5a4280d9cde817122960bc3edec21cf9c556d88ed3bac5c0e6e71f8',68,1,'MyApp','[]',0,'2020-07-20 13:48:56','2020-07-20 13:48:56','2021-07-20 13:48:56'),('9c0d1026173f268b12fdc8f71aa34cab796307d52c3b6ec645b45c5601a1925e6a4ef1148441594b',50,1,'MyApp','[]',0,'2020-07-08 18:33:35','2020-07-08 18:33:35','2021-07-08 18:33:35'),('9c1798364231d13ee8c24e2cdae921b11635c91bca1db98f2eeffbbbf8f60ede157e255e1708a852',16,1,'MyApp','[]',0,'2020-06-01 10:40:17','2020-06-01 10:40:17','2021-06-01 10:40:17'),('9c59bce938931f9e8d660c0175b72756f8ae5457170e0759ff47dec0893dbc09ab6f49bac5daa28f',21,1,'MyApp','[]',0,'2020-06-08 08:50:04','2020-06-08 08:50:04','2021-06-08 08:50:04'),('9e08ea9c0fc38061314fc8da18acd806033e2f828f3dcfa060e0faca5f05764235520d0c2bd8f0c2',21,1,'MyApp','[]',0,'2020-06-16 13:12:06','2020-06-16 13:12:06','2021-06-16 13:12:06'),('9e35ce657fea399150be09ebcb18eff10480584c1f845ce2d805e3f939728996e7a01972473cf069',20,1,'MyApp','[]',0,'2020-07-13 15:35:36','2020-07-13 15:35:36','2021-07-13 15:35:36'),('9e8a4b7952d0eee20f28fe166eb66c212d7903362e9a68b6c2dd53d147d5d4e345a49be66f0dae92',15,1,'MyApp','[]',0,'2020-06-01 10:26:33','2020-06-01 10:26:33','2021-06-01 10:26:33'),('a07841d620cc7bcd10f32894613028aef96d8e9a33365722e61d52685f0674c5edd65955422d4371',3,1,'MyApp','[]',0,'2020-05-25 23:07:43','2020-05-25 23:07:43','2021-05-26 04:37:43'),('a1245955aac10f781d6b70870a4551cc58613bdd461753f7557fc5a2f9ba756ff93e99532addc51b',57,1,'MyApp','[]',0,'2020-07-13 12:59:21','2020-07-13 12:59:21','2021-07-13 12:59:21'),('a20816ede2d5cc3f4d1e83dfd363f614d249c60a7415f34acccab93be746692f849f8a03d070ba20',32,1,'MyApp','[]',0,'2020-06-09 20:27:22','2020-06-09 20:27:22','2021-06-09 20:27:22'),('a34d52bb4c2a2a7ea74b78065e3db613b5ef26265022649381f6ffe26d3a967edf0d4e03ab3d862b',21,1,'MyApp','[]',0,'2020-06-14 21:27:21','2020-06-14 21:27:21','2021-06-14 21:27:21'),('a42e66e2ac2e660d92b0ff57ae457a01df780b32cbbceaa3bd4c7821ddf44affe8f20b10a208c81f',22,1,'MyApp','[]',0,'2020-06-09 20:28:15','2020-06-09 20:28:15','2021-06-09 20:28:15'),('a53012aa11bae30673c2df2920a41d6b555eb74efcc9bdff31ca1e5f46a8960b6bdbf091e60f0cea',18,1,'MyApp','[]',0,'2020-06-01 12:39:25','2020-06-01 12:39:25','2021-06-01 12:39:25'),('a5dfd1722e32ecd66930ff06d476fb818756fc5dc4ad52988dcd52dc976506b048b2b63eb0d6bb4a',20,1,'MyApp','[]',0,'2020-07-13 18:06:27','2020-07-13 18:06:27','2021-07-13 18:06:27'),('a7062dfb6fda015b4144d67e206bc3ce66f1ef889e83d7bbed05b33531e9d711054ce9dae8281868',31,1,'MyApp','[]',0,'2020-06-09 20:26:17','2020-06-09 20:26:17','2021-06-09 20:26:17'),('a8c221dbb886c09bd8927d8e9706db001cccce408141155f705b67fea3ac865d50e426720a7f940a',35,1,'MyApp','[]',0,'2020-07-03 10:28:02','2020-07-03 10:28:02','2021-07-03 10:28:02'),('aa13e25d2e9e58338e69d96d72bced7d2986576f73454be33e86c8cb3777356a8fa034b2e39c4f43',3,1,'MyApp','[]',0,'2020-05-27 00:38:09','2020-05-27 00:38:09','2021-05-27 06:08:09'),('ac0d6b82fed7def5abc45df6b9e277ee724e4d6c9cbb29cb916d5ded0c31a85dec82948fdeaaedb3',20,1,'MyApp','[]',0,'2020-06-20 11:26:23','2020-06-20 11:26:23','2021-06-20 11:26:23'),('acbf3243cb50d73d3cf42d280c55decc3cf12fbf38bdc08dc02fcb7be0ce9a7ca53fb7b64300c4c4',11,1,'MyApp','[]',0,'2020-05-22 09:35:49','2020-05-22 09:35:49','2021-05-22 15:05:49'),('aedd45a2b11d51459194678694decd0124c496afe0c192e87725ecc960e73fce05c75c6f2adae080',21,1,'MyApp','[]',0,'2020-07-10 10:46:26','2020-07-10 10:46:26','2021-07-10 10:46:26'),('af07a26a16a28c0460e70cc69941e343f2164a52aebf52ae1c77c1752557c1010321596aaec8aa62',20,1,'MyApp','[]',0,'2020-06-01 17:07:39','2020-06-01 17:07:39','2021-06-01 17:07:39'),('af964358caefe6e25652b2abb0db4ddc50680e142c6b474bfe92675e89b52482be9b90c05ad095d1',21,1,'MyApp','[]',0,'2020-07-11 17:47:28','2020-07-11 17:47:28','2021-07-11 17:47:28'),('b11fb8c76f199b656ecf6d09e67cdf6456da33bb65959ed25b8ac5b1b243d22f3bba3daaec3604db',22,1,'MyApp','[]',0,'2020-06-24 10:26:38','2020-06-24 10:26:38','2021-06-24 10:26:38'),('b123aa3f8a20fc7e6be4657559bed63fbc35a36fe7135131d8c35a0f6ab40fbbc35b7ebbe466551d',20,1,'MyApp','[]',0,'2020-06-11 15:20:40','2020-06-11 15:20:40','2021-06-11 15:20:40'),('b1a59667bf704f1221b3a63998be91f836df9288aed9df6be991275f9741421e703df672e117a039',5,1,'MyApp','[]',0,'2020-05-19 01:12:24','2020-05-19 01:12:24','2021-05-19 06:42:24'),('b1f04ee0babe9787fdfd0f9722910124dd4fdd84a665459b4b064d796d80ce3d55ee3b8011b39715',20,1,'MyApp','[]',0,'2020-06-14 13:40:05','2020-06-14 13:40:05','2021-06-14 13:40:05'),('b2f2b3991365b3823ab46b9c587a23a9c1f00c583728b7fae123d2242a87467eb6f767b71a03c9ef',46,1,'MyApp','[]',0,'2020-07-21 10:57:54','2020-07-21 10:57:54','2021-07-21 10:57:54'),('b4a4c3923b5a7011c1df84855d36cfa39ee75c905a8a7bd7927e77245da5df0b6ffee34acb5a5acd',46,1,'MyApp','[]',0,'2020-07-12 14:43:27','2020-07-12 14:43:27','2021-07-12 14:43:27'),('b4f7f8eb541d72d14c57a9357bc97671e2bfa54fd0ebcc4742a235311cb3b43ee4c6048f58511c23',23,1,'MyApp','[]',0,'2020-06-05 19:48:23','2020-06-05 19:48:23','2021-06-05 19:48:23'),('b57556a0514fb98f6916cb4c0bd81c3e88ba3447e163c52b2e19ec82a2ed3ef849c3f348ae19ee3c',24,1,'MyApp','[]',0,'2020-06-05 20:58:54','2020-06-05 20:58:54','2021-06-05 20:58:54'),('b6d1af96b2ccf48e2543d20d540b8b65f0300328be1bf0dfb04a8ab6d47e924ee7093a7f7778bfc8',58,1,'MyApp','[]',0,'2020-07-13 18:09:29','2020-07-13 18:09:29','2021-07-13 18:09:29'),('b7bc098757a0b4e994d83d6f730fe0fda07ef292d1a39bd7adf81288e92ca0c5b1660480357434e1',58,1,'MyApp','[]',0,'2020-07-19 10:39:05','2020-07-19 10:39:05','2021-07-19 10:39:05'),('b89b2705b4b6a34d7c3fb3d22e58180b1f36cf65d4205f56e3bbd5fd304b155dbbe389495e927420',41,1,'MyApp','[]',0,'2020-07-08 14:29:23','2020-07-08 14:29:23','2021-07-08 14:29:23'),('b947b6718550df484e322d925e5152e516d3d03bc933af5f18ee5c199c2fdc8e99697d9d6471374c',22,1,'MyApp','[]',0,'2020-06-05 15:47:52','2020-06-05 15:47:52','2021-06-05 15:47:52'),('babd10af917e7d9861e29bb8735aa225381d59570bdced27cb47b97df346b953f8fb2ea052ac22f7',20,1,'MyApp','[]',0,'2020-07-18 21:23:57','2020-07-18 21:23:57','2021-07-18 21:23:57'),('bae6bcea5ed5c876c7a01920187aa6b7fb97b09c760924289ddab08ce026bf36a72060b9e47f1c4a',32,1,'MyApp','[]',0,'2020-06-09 20:34:41','2020-06-09 20:34:41','2021-06-09 20:34:41'),('bbe2dfd5f1e75c9a4e41167c7f6f0788a6d6de1ef473b7da8ae9c49eb255ea6fb5a2aa6481774f16',20,1,'MyApp','[]',0,'2020-06-05 18:32:24','2020-06-05 18:32:24','2021-06-05 18:32:24'),('bc0809252b2c3b1d6c9deb6360954b7793339adae8e2341c6ec7755a759dd142c7b17d2a3a59ef0b',38,1,'MyApp','[]',0,'2020-06-20 14:36:37','2020-06-20 14:36:37','2021-06-20 14:36:37'),('bd57fd65c68430aca0b4e9c5b10d63fe2793b70f937318b746d300249654f005be547980031e9bfc',62,1,'MyApp','[]',0,'2020-07-14 11:53:57','2020-07-14 11:53:57','2021-07-14 11:53:57'),('be403851c05cfa096cdb334f2ac3b2cb4c24d50dc9b24ba099771fa9fc69210388ba6319febc9725',20,1,'MyApp','[]',0,'2020-06-01 13:14:53','2020-06-01 13:14:53','2021-06-01 13:14:53'),('be58ff7839b237d66615a88def3e712cc146eb86ccff5a110daa2f06be99b49f35dd379f4dc3619b',46,1,'MyApp','[]',0,'2020-07-12 19:11:48','2020-07-12 19:11:48','2021-07-12 19:11:48'),('c230bf987e87af23b1d01e70f38359a89f49d1b460ea7a5bbca8aa5c800d321dfbd31907ef519d3d',21,1,'MyApp','[]',0,'2020-06-05 12:06:06','2020-06-05 12:06:06','2021-06-05 12:06:06'),('c232377e7f9835f91d836943947651d522afab6140eff8b25514c80357ceb76e6c6e302b124aea71',46,1,'MyApp','[]',0,'2020-07-15 23:15:15','2020-07-15 23:15:15','2021-07-15 23:15:15'),('c37320320c212b1903aaeeb3e6263b18feb9d86c217f937f0b5a92187ef28fcb5640fcf114606685',46,1,'MyApp','[]',0,'2020-07-19 11:30:33','2020-07-19 11:30:33','2021-07-19 11:30:33'),('c4222a6cb9ca205d604bda9adf869c0203fb126a1c9e16e26b299961861bf7a840fbc0a301376154',12,1,'MyApp','[]',0,'2020-05-22 09:39:00','2020-05-22 09:39:00','2021-05-22 15:09:00'),('c4d07636b25cb1bc926b3e1b179e4da6452136ae2d28b12612acbd99c6242a4d82b62db47013633f',34,1,'MyApp','[]',0,'2020-06-16 11:56:59','2020-06-16 11:56:59','2021-06-16 11:56:59'),('c574c419fb767157e06fd4dc7628bff68b22b5343552e9944f58ceae4c34030272ea25ab55f0ad59',30,1,'MyApp','[]',0,'2020-06-09 20:25:21','2020-06-09 20:25:21','2021-06-09 20:25:21'),('c786bfaef079de3d8da0e988a12548cdc41cab6b929c5d3193b7a8b7abd4e2cceb5cb0da91978c7c',58,1,'MyApp','[]',0,'2020-07-13 13:13:05','2020-07-13 13:13:05','2021-07-13 13:13:05'),('c79d0e608376a7a22fb4352064a38e7d01239b118113448baa4ccca1a9b2549c46394c62a8dcbb83',46,1,'MyApp','[]',0,'2020-07-10 11:45:05','2020-07-10 11:45:05','2021-07-10 11:45:05'),('c82bae30e350b5d549b6b96d7a4c11724fd816bb76aad2ca97b0ae5912ecd02d50edd1077f4c1b27',21,1,'MyApp','[]',0,'2020-06-09 19:11:09','2020-06-09 19:11:09','2021-06-09 19:11:09'),('c890060c1f334e71821de7e5794badf5afc567e79901cbc4e7998b3c2aea6aab76b71a5b6aaa41ab',46,1,'MyApp','[]',0,'2020-07-13 10:19:19','2020-07-13 10:19:19','2021-07-13 10:19:19'),('c8a8ce6359e4fd8dcf20a12b933f9b1cd68cd8cebb7a329994d0a72d81ddacc37a1c6d32b1395a7b',58,1,'MyApp','[]',0,'2020-07-12 20:33:00','2020-07-12 20:33:00','2021-07-12 20:33:00'),('cb5c34275368ee9f2a321c1ca36fcfa2c739a58317123de22100885c22948c9a0f17a2f00b5cca73',20,1,'MyApp','[]',0,'2020-06-01 13:15:35','2020-06-01 13:15:35','2021-06-01 13:15:35'),('ccb4d650b3eba323f4f62682612d2ac03e03d784b54487f6b6e31141b20984b298be01bd02f2f968',26,1,'MyApp','[]',0,'2020-06-09 20:42:29','2020-06-09 20:42:29','2021-06-09 20:42:29'),('cec2673e5c50928f0e567cf9e7bf199d0a9892d11feea03896b81bbb1408c3237d590066a45f8b22',46,1,'MyApp','[]',0,'2020-07-18 18:52:13','2020-07-18 18:52:13','2021-07-18 18:52:13'),('cee96e25e456de25033b1b695de7f5b9d0a7a7c5debc0ac32c42dd5b426dedbc310dee75eb784f71',12,1,'MyApp','[]',0,'2020-05-26 00:16:47','2020-05-26 00:16:47','2021-05-26 05:46:47'),('cf3e92d3737c910384cd61d68958e71c5a73829341c5047446d19cfd0ad34ef468fe0e4a48339dc2',46,1,'MyApp','[]',0,'2020-07-20 15:13:47','2020-07-20 15:13:47','2021-07-20 15:13:47'),('cf51e6a4a6ec2d718fc16f98960cbbd20b074efce36b9229e2a5789f3bcf278bef4add77d25157c3',29,1,'MyApp','[]',0,'2020-06-09 20:18:10','2020-06-09 20:18:10','2021-06-09 20:18:10'),('d206d7a8b2bd51c4690978115e2f7f56f12d599dc5aa9cc5b7353a759ca825b379337bd6e1cc67e9',3,1,'MyApp','[]',0,'2020-05-19 01:06:41','2020-05-19 01:06:41','2021-05-19 06:36:41'),('d2383fb9361a46c40a2e9b617df1b243c701161cc26a430737ffddf2e7c6c0c8dcc9cc6b9c37ea19',20,1,'MyApp','[]',0,'2020-06-05 19:21:32','2020-06-05 19:21:32','2021-06-05 19:21:32'),('d2526927661cf1b56272d5e974fb8ea7765bc68c06f129dfbafc3e5caec8e32acafac49f49e872aa',20,1,'MyApp','[]',0,'2020-06-29 12:38:12','2020-06-29 12:38:12','2021-06-29 12:38:12'),('d403721ef0661bde8a5ad36f6836f1f7f31a545828a1e4d802a096678256948cf08bfa795d66afce',21,1,'MyApp','[]',0,'2020-07-10 11:09:43','2020-07-10 11:09:43','2021-07-10 11:09:43'),('d42308dccdbbcd53d337aceead8c14abfb163005e404a6c09b82b435297c3332b0c5f94faec80ac5',46,1,'MyApp','[]',0,'2020-07-11 17:29:31','2020-07-11 17:29:31','2021-07-11 17:29:31'),('d42b04866b00b3b9ad47fd37fddf109e8626e4e095c1d51bd770fab2ae4bd19a587cac192d5d3c75',46,1,'MyApp','[]',0,'2020-07-11 17:28:40','2020-07-11 17:28:40','2021-07-11 17:28:40'),('d63c7f3c997ee0a45e1c09c67c3e532629865d70b7d44957bae9ef67b93cc5f2eb75a502601d54f5',46,1,'MyApp','[]',0,'2020-07-11 18:42:28','2020-07-11 18:42:28','2021-07-11 18:42:28'),('d64c7615e3d1aec8b17aa44ab82dc2014eada86115af61387538bc6158b804a5d2a40f86d2127659',11,1,'MyApp','[]',0,'2020-05-22 09:36:13','2020-05-22 09:36:13','2021-05-22 15:06:13'),('d685580436d3a906249ca9a22b6d3c707d7a716745beba85edd66e5ea7800a2124a746a9ba06a312',27,1,'MyApp','[]',0,'2020-07-12 14:39:27','2020-07-12 14:39:27','2021-07-12 14:39:27'),('d8b0723ebe4788a8db986a830836ff2fbfe8a299701217e336fd5c632e8d221a006166192122d16b',21,1,'MyApp','[]',0,'2020-06-15 14:01:50','2020-06-15 14:01:50','2021-06-15 14:01:50'),('d94b93d4b80fb10e5d5697051014de886ed1e493ce66f8b6de8e7deb6b2a71f42aa33c102acef2a5',25,1,'MyApp','[]',0,'2020-06-05 21:08:47','2020-06-05 21:08:47','2021-06-05 21:08:47'),('d94cb14f8800ae43002d7409cdacbd7446eb072678c931d9c83d06ac919f7328b0a99c22a848bcd3',20,1,'MyApp','[]',0,'2020-06-03 12:59:45','2020-06-03 12:59:45','2021-06-03 12:59:45'),('d98cf2f3bc9c05f750c06a01e8ec7523c26ddf4bf37f464d8c0238b07ee86259754235a853e16650',58,1,'MyApp','[]',0,'2020-07-13 18:12:21','2020-07-13 18:12:21','2021-07-13 18:12:21'),('da224d22fbae41037fba30d875d86b6b5b628dacbe8247ed7a9caa13475b82b066438c6f2045d464',41,1,'MyApp','[]',0,'2020-07-02 16:55:04','2020-07-02 16:55:04','2021-07-02 16:55:04'),('da9e64c173d0252d7d60afbc446e860753ef74aed744bdd7c43c9fe6c30a2387df51aed81c4f0804',42,1,'MyApp','[]',0,'2020-06-28 22:13:20','2020-06-28 22:13:20','2021-06-28 22:13:20'),('dbce7a30a11c8d8fcec303d208cb73d87462af805b349da19d555d18b2b653976e18af08de300971',12,1,'MyApp','[]',0,'2020-05-22 09:39:17','2020-05-22 09:39:17','2021-05-22 15:09:17'),('dc58ea51aab26815fdb82efb00a5816aa450e7b9c008e3bce81a0659b61c49b938f81b7fcafae26e',19,1,'MyApp','[]',0,'2020-06-07 10:36:05','2020-06-07 10:36:05','2021-06-07 10:36:05'),('dce11db6f383d278620bf7f78c3c9ee0d8d5b6afd32abf8db4b441ea38e44524354784a7be944f0b',46,1,'MyApp','[]',0,'2020-07-11 14:06:37','2020-07-11 14:06:37','2021-07-11 14:06:37'),('dd7609cd5c7b593891667b836b1d2c543dcca0bdd784ad93eca622dee52d68faf92daeebcbc66375',41,1,'MyApp','[]',0,'2020-07-03 20:05:02','2020-07-03 20:05:02','2021-07-03 20:05:02'),('e035ce60b5420eca802ca277bfafb59d5116d7c82a8b0d8a6a858caf41dd011e6a401155896779bb',33,1,'MyApp','[]',0,'2020-06-27 20:22:32','2020-06-27 20:22:32','2021-06-27 20:22:32'),('e05ecc557dc898fbcb74164e72dbf5a778b5f9de7f8adfe6276b96bc60a3419161b5a37ec6b6f29a',27,1,'MyApp','[]',0,'2020-06-09 15:35:37','2020-06-09 15:35:37','2021-06-09 15:35:37'),('e2014df502c520cdd1409ee8abc72efe0f270a220b68da91f5f4f4da3cbc2e08962ce98a08a27487',21,1,'MyApp','[]',0,'2020-06-05 19:56:57','2020-06-05 19:56:57','2021-06-05 19:56:57'),('e23991c3a3887ef068fdee787e7534f7aa12cc2453d5271cc2dd43c67703672f471509a541066724',20,1,'MyApp','[]',0,'2020-07-19 10:29:52','2020-07-19 10:29:52','2021-07-19 10:29:52'),('e2877d66b0f1f0af460076e0ec17133c2df50ba7aafcb32a459d1d249ca1bcd7e76bc61e08dcd6bd',41,1,'MyApp','[]',0,'2020-06-29 12:02:46','2020-06-29 12:02:46','2021-06-29 12:02:46'),('e303df9b7521ee499d7c5f51565608728dc7a1fb2ff5b8d816af668ed96f8d3b8b4eb8cdb9b0706c',21,1,'MyApp','[]',0,'2020-06-20 09:49:49','2020-06-20 09:49:49','2021-06-20 09:49:49'),('e3167a305dad30ff0d78a1f522b4a1503435f131f13f74d5ecfd40deb4aca2d50cc316c284013bb0',5,1,'MyApp','[]',0,'2020-05-19 01:10:58','2020-05-19 01:10:58','2021-05-19 06:40:58'),('e43463dca260a6b8b98902ff3b3262798b50b55b2b718068b3b01e589220ab118386be8969a85128',19,1,'MyApp','[]',0,'2020-06-01 12:54:46','2020-06-01 12:54:46','2021-06-01 12:54:46'),('e43650ba1b8c55232c9d347466534b44af0cfd4aa452534d0a31d200d65e2dc71f60ac5dc29098d4',52,1,'MyApp','[]',0,'2020-07-12 12:38:54','2020-07-12 12:38:54','2021-07-12 12:38:54'),('e4c11b3880b1399a324b998be407f914a755343c031038af36a583ba1a5789184f1f21c38b4724ea',65,1,'MyApp','[]',0,'2020-07-16 19:13:37','2020-07-16 19:13:37','2021-07-16 19:13:37'),('e7e3a9cd664c6b076a43208c56a67f98ad86409b94a4d00db360dd0a73dc737bd37950e60a7315e8',46,1,'MyApp','[]',0,'2020-07-21 10:30:58','2020-07-21 10:30:58','2021-07-21 10:30:58'),('e83900c32c3702cd486240abb34fa630585852250dfb9248ac5aec3b14d68467133c3fd2b9d566de',48,1,'MyApp','[]',0,'2020-07-08 14:51:06','2020-07-08 14:51:06','2021-07-08 14:51:06'),('e9b4b8876fac395cedf49cfeffb08187b2814c417aa3b1811ca6541eb951f5204c0719c8862253d3',13,1,'MyApp','[]',0,'2020-05-26 22:13:39','2020-05-26 22:13:39','2021-05-27 03:43:39'),('eba58ed6a44d26ef733cd0a72fc459c27757f81b6a3bd8bc729cdf9471f52113dcee18b8546eaf99',15,1,'MyApp','[]',0,'2020-06-01 10:33:19','2020-06-01 10:33:19','2021-06-01 10:33:19'),('ecdd6733dcfcc6db6f737bdef66769cc597fba6cdaad80842471bbe0b91f4ea46182bdd5f8c9f1fd',21,1,'MyApp','[]',0,'2020-06-11 10:22:32','2020-06-11 10:22:32','2021-06-11 10:22:32'),('ecf84249144aa501e69018f769aa5ed566cbf9888976a405609f528b1deaa1265df08f47702725c4',40,1,'MyApp','[]',0,'2020-06-22 21:19:05','2020-06-22 21:19:05','2021-06-22 21:19:05'),('eeb30bbff0c23b11f15e4089a71d3d13e8a1cd6d3c2a05bd794244126e2327bbf6d275591d28b7a8',46,1,'MyApp','[]',0,'2020-07-16 19:28:43','2020-07-16 19:28:43','2021-07-16 19:28:43'),('f23ed12557b380de2f398058275b7745e673ae2a585ad7d4530de0f066dde869c0a7ea16058e62e3',35,1,'MyApp','[]',0,'2020-06-18 17:41:46','2020-06-18 17:41:46','2021-06-18 17:41:46'),('f25858ff9b2599181649b48a8a3fea2859b26f3bd0490db64bfb535aa267c47b1649a45a645299b5',39,1,'MyApp','[]',0,'2020-06-20 19:15:58','2020-06-20 19:15:58','2021-06-20 19:15:58'),('f4f550f1477a972c1721b6e4089ca1d6d2bc2af444235a2d42d19ff4dadf1143bc53c13a407ad86c',46,1,'MyApp','[]',0,'2020-07-11 11:30:36','2020-07-11 11:30:36','2021-07-11 11:30:36'),('f5cda5ac5afb44f964c5aa571c8d048fdd2bb138fb88166ad84a1a783dfb3430ebba52de1570d6ca',45,1,'MyApp','[]',0,'2020-07-10 07:43:07','2020-07-10 07:43:07','2021-07-10 07:43:07'),('f6901d65d6a71883c9aba2543c3add2c6e4482115c6a545e13926a5bcbac8992e9cc16db2348b72a',51,1,'MyApp','[]',0,'2020-07-12 12:38:43','2020-07-12 12:38:43','2021-07-12 12:38:43'),('f7b655c7b0f77b78a90d69ec9357fd6917903116a726cc5288d1cbfcb3f8fda2de411b56471ecccf',64,1,'MyApp','[]',0,'2020-07-16 18:30:54','2020-07-16 18:30:54','2021-07-16 18:30:54'),('f8d8d17726c899e45a1bf773f782dba79e7161b70729b21f81eb7c85e952215413a9ba428d307eb7',55,1,'MyApp','[]',0,'2020-07-18 11:01:56','2020-07-18 11:01:56','2021-07-18 11:01:56'),('fa1ef1350ca51a7f1371c9e83e933bdec3dd7c63ed0f099edfab4ee7d3d4fdf3993dacb3f9dfa40e',41,1,'MyApp','[]',0,'2020-07-04 19:09:03','2020-07-04 19:09:03','2021-07-04 19:09:03'),('fba6162d8791f226669d62cb5448e0dae51424af4dd168a61688f732ee653eb956b0f02203f60afb',20,1,'MyApp','[]',0,'2020-06-12 18:30:06','2020-06-12 18:30:06','2021-06-12 18:30:06'),('fba7cd5206a061936819e5c62c4c8ae4440d28ea0333b65a35a1730596914d1ab40233b35b49b56d',46,1,'MyApp','[]',0,'2020-07-10 22:36:12','2020-07-10 22:36:12','2021-07-10 22:36:12'),('fc63c41513ad0cd634be12b8d1e940ce3eda4cc4fdb4143df2863da6471a7adf1ee984fb36a9bb4c',47,1,'MyApp','[]',0,'2020-07-08 14:34:30','2020-07-08 14:34:30','2021-07-08 14:34:30');
/*!40000 ALTER TABLE `oauth_access_tokens` ENABLE KEYS */;
UNLOCK TABLES;

--
-- Table structure for table `oauth_auth_codes`
--

DROP TABLE IF EXISTS `oauth_auth_codes`;
/*!40101 SET @saved_cs_client     = @@character_set_client */;
/*!40101 SET character_set_client = utf8 */;
CREATE TABLE `oauth_auth_codes` (
  `id` varchar(100) COLLATE utf8mb4_unicode_ci NOT NULL,
  `user_id` bigint(20) unsigned NOT NULL,
  `client_id` bigint(20) unsigned NOT NULL,
  `scopes` text COLLATE utf8mb4_unicode_ci,
  `revoked` tinyint(1) NOT NULL,
  `expires_at` datetime DEFAULT NULL,
  PRIMARY KEY (`id`),
  KEY `oauth_auth_codes_user_id_index` (`user_id`)
) ENGINE=InnoDB DEFAULT CHARSET=utf8mb4 COLLATE=utf8mb4_unicode_ci;
/*!40101 SET character_set_client = @saved_cs_client */;

--
-- Dumping data for table `oauth_auth_codes`
--

LOCK TABLES `oauth_auth_codes` WRITE;
/*!40000 ALTER TABLE `oauth_auth_codes` DISABLE KEYS */;
/*!40000 ALTER TABLE `oauth_auth_codes` ENABLE KEYS */;
UNLOCK TABLES;

--
-- Table structure for table `oauth_clients`
--

DROP TABLE IF EXISTS `oauth_clients`;
/*!40101 SET @saved_cs_client     = @@character_set_client */;
/*!40101 SET character_set_client = utf8 */;
CREATE TABLE `oauth_clients` (
  `id` bigint(20) unsigned NOT NULL AUTO_INCREMENT,
  `user_id` bigint(20) unsigned DEFAULT NULL,
  `name` varchar(255) COLLATE utf8mb4_unicode_ci NOT NULL,
  `secret` varchar(100) COLLATE utf8mb4_unicode_ci DEFAULT NULL,
  `provider` varchar(255) COLLATE utf8mb4_unicode_ci DEFAULT NULL,
  `redirect` text COLLATE utf8mb4_unicode_ci NOT NULL,
  `personal_access_client` tinyint(1) NOT NULL,
  `password_client` tinyint(1) NOT NULL,
  `revoked` tinyint(1) NOT NULL,
  `created_at` timestamp NULL DEFAULT NULL,
  `updated_at` timestamp NULL DEFAULT NULL,
  PRIMARY KEY (`id`),
  KEY `oauth_clients_user_id_index` (`user_id`)
) ENGINE=InnoDB AUTO_INCREMENT=3 DEFAULT CHARSET=utf8mb4 COLLATE=utf8mb4_unicode_ci;
/*!40101 SET character_set_client = @saved_cs_client */;

--
-- Dumping data for table `oauth_clients`
--

LOCK TABLES `oauth_clients` WRITE;
/*!40000 ALTER TABLE `oauth_clients` DISABLE KEYS */;
INSERT INTO `oauth_clients` VALUES (1,NULL,'Delivery Personal Access Client','m5ABH3FYpDwr6dlQBommE0qkcUBCg1BTJlHoRaQd',NULL,'http://localhost',1,0,0,'2020-05-19 00:47:01','2020-05-19 00:47:01'),(2,NULL,'Delivery Password Grant Client','WXkcoay2TwEzMQLzyNwkbBj2Mkue5Ki77YTY35qj','users','http://localhost',0,1,0,'2020-05-19 00:47:01','2020-05-19 00:47:01');
/*!40000 ALTER TABLE `oauth_clients` ENABLE KEYS */;
UNLOCK TABLES;

--
-- Table structure for table `oauth_personal_access_clients`
--

DROP TABLE IF EXISTS `oauth_personal_access_clients`;
/*!40101 SET @saved_cs_client     = @@character_set_client */;
/*!40101 SET character_set_client = utf8 */;
CREATE TABLE `oauth_personal_access_clients` (
  `id` bigint(20) unsigned NOT NULL AUTO_INCREMENT,
  `client_id` bigint(20) unsigned NOT NULL,
  `created_at` timestamp NULL DEFAULT NULL,
  `updated_at` timestamp NULL DEFAULT NULL,
  PRIMARY KEY (`id`)
) ENGINE=InnoDB AUTO_INCREMENT=2 DEFAULT CHARSET=utf8mb4 COLLATE=utf8mb4_unicode_ci;
/*!40101 SET character_set_client = @saved_cs_client */;

--
-- Dumping data for table `oauth_personal_access_clients`
--

LOCK TABLES `oauth_personal_access_clients` WRITE;
/*!40000 ALTER TABLE `oauth_personal_access_clients` DISABLE KEYS */;
INSERT INTO `oauth_personal_access_clients` VALUES (1,1,'2020-05-19 00:47:01','2020-05-19 00:47:01');
/*!40000 ALTER TABLE `oauth_personal_access_clients` ENABLE KEYS */;
UNLOCK TABLES;

--
-- Table structure for table `oauth_refresh_tokens`
--

DROP TABLE IF EXISTS `oauth_refresh_tokens`;
/*!40101 SET @saved_cs_client     = @@character_set_client */;
/*!40101 SET character_set_client = utf8 */;
CREATE TABLE `oauth_refresh_tokens` (
  `id` varchar(100) COLLATE utf8mb4_unicode_ci NOT NULL,
  `access_token_id` varchar(100) COLLATE utf8mb4_unicode_ci NOT NULL,
  `revoked` tinyint(1) NOT NULL,
  `expires_at` datetime DEFAULT NULL,
  PRIMARY KEY (`id`)
) ENGINE=InnoDB DEFAULT CHARSET=utf8mb4 COLLATE=utf8mb4_unicode_ci;
/*!40101 SET character_set_client = @saved_cs_client */;

--
-- Dumping data for table `oauth_refresh_tokens`
--

LOCK TABLES `oauth_refresh_tokens` WRITE;
/*!40000 ALTER TABLE `oauth_refresh_tokens` DISABLE KEYS */;
/*!40000 ALTER TABLE `oauth_refresh_tokens` ENABLE KEYS */;
UNLOCK TABLES;

--
-- Table structure for table `offers`
--

DROP TABLE IF EXISTS `offers`;
/*!40101 SET @saved_cs_client     = @@character_set_client */;
/*!40101 SET character_set_client = utf8 */;
CREATE TABLE `offers` (
  `id` int(10) unsigned NOT NULL AUTO_INCREMENT,
  `product` varchar(30) COLLATE utf8mb4_unicode_ci DEFAULT NULL,
  `created_at` timestamp NULL DEFAULT NULL,
  `updated_at` timestamp NULL DEFAULT NULL,
  `offer_price` int(11) DEFAULT NULL,
  PRIMARY KEY (`id`)
) ENGINE=InnoDB AUTO_INCREMENT=4 DEFAULT CHARSET=utf8mb4 COLLATE=utf8mb4_unicode_ci;
/*!40101 SET character_set_client = @saved_cs_client */;

--
-- Dumping data for table `offers`
--

LOCK TABLES `offers` WRITE;
/*!40000 ALTER TABLE `offers` DISABLE KEYS */;
INSERT INTO `offers` VALUES (2,'4','2020-06-11 10:43:58','2020-06-11 10:43:58',34),(3,'17','2020-06-11 10:46:45','2020-06-11 10:46:45',30);
/*!40000 ALTER TABLE `offers` ENABLE KEYS */;
UNLOCK TABLES;

--
-- Table structure for table `ordered_products`
--

DROP TABLE IF EXISTS `ordered_products`;
/*!40101 SET @saved_cs_client     = @@character_set_client */;
/*!40101 SET character_set_client = utf8 */;
CREATE TABLE `ordered_products` (
  `id` int(10) unsigned NOT NULL AUTO_INCREMENT,
  `product_id` int(11) DEFAULT NULL,
  `quantity` int(11) DEFAULT NULL,
  `order_id` int(11) DEFAULT NULL,
  `created_at` timestamp NULL DEFAULT NULL,
  `updated_at` timestamp NULL DEFAULT NULL,
  PRIMARY KEY (`id`)
) ENGINE=InnoDB AUTO_INCREMENT=217 DEFAULT CHARSET=utf8mb4 COLLATE=utf8mb4_unicode_ci;
/*!40101 SET character_set_client = @saved_cs_client */;

--
-- Dumping data for table `ordered_products`
--

LOCK TABLES `ordered_products` WRITE;
/*!40000 ALTER TABLE `ordered_products` DISABLE KEYS */;
INSERT INTO `ordered_products` VALUES (1,24,2,16,'2020-08-03 00:51:42','2020-05-30 00:51:42'),(2,25,1,17,'2020-08-03 00:57:47','2020-05-30 00:57:47'),(3,2,2,17,'2020-05-30 00:57:47','2020-05-30 00:57:47'),(4,1,1,18,'2020-05-31 06:07:59','2020-05-31 06:07:59'),(5,3,2,18,'2020-05-31 06:07:59','2020-05-31 06:07:59'),(6,1,1,19,'2020-06-01 10:21:44','2020-06-01 10:21:44'),(7,2,1,19,'2020-06-01 10:21:44','2020-06-01 10:21:44'),(8,1,1,20,'2020-06-01 19:24:46','2020-06-01 19:24:46'),(9,2,1,20,'2020-06-01 19:24:46','2020-06-01 19:24:46'),(10,7,1,21,'2020-06-05 15:51:59','2020-06-05 15:51:59'),(11,4,1,22,'2020-06-05 19:05:31','2020-06-05 19:05:31'),(12,4,1,23,'2020-06-05 19:23:33','2020-06-05 19:23:33'),(13,4,1,24,'2020-06-05 19:34:42','2020-06-05 19:34:42'),(14,4,1,25,'2020-06-05 19:37:39','2020-06-05 19:37:39'),(15,4,1,26,'2020-06-05 19:42:23','2020-06-05 19:42:23'),(16,4,1,27,'2020-06-05 20:04:59','2020-06-05 20:04:59'),(17,4,1,28,'2020-06-05 20:05:23','2020-06-05 20:05:23'),(18,1,1,29,'2020-06-05 20:52:14','2020-06-05 20:52:14'),(19,4,1,30,'2020-06-05 20:57:06','2020-06-05 20:57:06'),(20,13,1,31,'2020-06-05 21:00:48','2020-06-05 21:00:48'),(21,4,1,31,'2020-06-05 21:00:48','2020-06-05 21:00:48'),(22,10,1,31,'2020-06-05 21:00:48','2020-06-05 21:00:48'),(23,7,1,32,'2020-06-05 21:03:18','2020-06-05 21:03:18'),(24,9,1,33,'2020-06-05 21:31:38','2020-06-05 21:31:38'),(25,4,2,34,'2020-06-06 07:00:08','2020-06-06 07:00:08'),(26,4,1,35,'2020-06-08 08:45:06','2020-06-08 08:45:06'),(27,6,1,35,'2020-06-08 08:45:06','2020-06-08 08:45:06'),(28,4,1,36,'2020-06-08 08:45:26','2020-06-08 08:45:26'),(29,6,1,36,'2020-06-08 08:45:26','2020-06-08 08:45:26'),(30,6,1,37,'2020-06-08 08:45:57','2020-06-08 08:45:57'),(31,6,1,38,'2020-06-08 08:51:02','2020-06-08 08:51:02'),(32,9,1,38,'2020-06-08 08:51:02','2020-06-08 08:51:02'),(33,6,1,39,'2020-06-08 08:51:42','2020-06-08 08:51:42'),(34,9,1,39,'2020-06-08 08:51:42','2020-06-08 08:51:42'),(35,4,1,40,'2020-06-08 09:00:01','2020-06-08 09:00:01'),(36,4,1,41,'2020-06-08 09:15:34','2020-06-08 09:15:34'),(37,4,1,42,'2020-06-08 09:17:18','2020-06-08 09:17:18'),(38,2,1,43,'2020-06-08 12:27:24','2020-06-08 12:27:24'),(39,3,1,43,'2020-06-08 12:27:24','2020-06-08 12:27:24'),(40,2,1,44,'2020-06-08 12:30:48','2020-06-08 12:30:48'),(41,3,1,44,'2020-06-08 12:30:48','2020-06-08 12:30:48'),(42,13,1,45,'2020-06-08 12:35:17','2020-06-08 12:35:17'),(43,4,1,45,'2020-06-08 12:35:17','2020-06-08 12:35:17'),(44,10,1,45,'2020-06-08 12:35:17','2020-06-08 12:35:17'),(45,4,1,46,'2020-06-08 13:05:08','2020-06-08 13:05:08'),(46,6,1,46,'2020-06-08 13:05:08','2020-06-08 13:05:08'),(47,9,1,46,'2020-06-08 13:05:08','2020-06-08 13:05:08'),(48,14,1,47,'2020-06-08 13:15:31','2020-06-08 13:15:31'),(49,6,1,47,'2020-06-08 13:15:31','2020-06-08 13:15:31'),(50,9,1,47,'2020-06-08 13:15:31','2020-06-08 13:15:31'),(51,14,1,48,'2020-06-09 16:00:38','2020-06-09 16:00:38'),(52,16,1,48,'2020-06-09 16:00:38','2020-06-09 16:00:38'),(53,14,1,49,'2020-06-09 19:13:25','2020-06-09 19:13:25'),(54,16,1,49,'2020-06-09 19:13:25','2020-06-09 19:13:25'),(55,6,1,49,'2020-06-09 19:13:25','2020-06-09 19:13:25'),(56,13,1,50,'2020-06-09 20:20:17','2020-06-09 20:20:17'),(57,14,1,50,'2020-06-09 20:20:17','2020-06-09 20:20:17'),(58,16,1,50,'2020-06-09 20:20:17','2020-06-09 20:20:17'),(59,6,1,50,'2020-06-09 20:20:17','2020-06-09 20:20:17'),(60,7,1,50,'2020-06-09 20:20:17','2020-06-09 20:20:17'),(61,17,1,51,'2020-06-12 17:22:47','2020-06-12 17:22:47'),(62,16,1,52,'2020-06-12 18:56:55','2020-06-12 18:56:55'),(63,18,3,53,'2020-06-15 09:52:29','2020-06-15 09:52:29'),(64,18,1,54,'2020-06-15 11:20:20','2020-06-15 11:20:20'),(65,6,1,55,'2020-06-15 11:46:13','2020-06-15 11:46:13'),(66,18,1,55,'2020-06-15 11:46:13','2020-06-15 11:46:13'),(67,18,1,56,'2020-06-15 18:20:06','2020-06-15 18:20:06'),(68,16,1,57,'2020-06-15 18:47:33','2020-06-15 18:47:33'),(69,18,1,57,'2020-06-15 18:47:33','2020-06-15 18:47:33'),(70,16,1,58,'2020-06-15 19:04:09','2020-06-15 19:04:09'),(71,23,1,59,'2020-06-15 23:50:42','2020-06-15 23:50:42'),(72,18,1,60,'2020-06-16 13:20:42','2020-06-16 13:20:42'),(73,23,1,61,'2020-06-16 13:39:37','2020-06-16 13:39:37'),(74,7,1,61,'2020-06-16 13:39:37','2020-06-16 13:39:37'),(75,21,1,61,'2020-06-16 13:39:37','2020-06-16 13:39:37'),(76,13,1,62,'2020-06-17 22:04:56','2020-06-17 22:04:56'),(77,23,1,63,'2020-06-18 12:53:13','2020-06-18 12:53:13'),(78,7,1,63,'2020-06-18 12:53:13','2020-06-18 12:53:13'),(79,18,1,63,'2020-06-18 12:53:13','2020-06-18 12:53:13'),(80,21,1,63,'2020-06-18 12:53:13','2020-06-18 12:53:13'),(81,7,2,64,'2020-06-18 12:57:46','2020-06-18 12:57:46'),(82,4,1,65,'2020-06-18 13:00:27','2020-06-18 13:00:27'),(83,10,1,66,'2020-06-18 13:01:30','2020-06-18 13:01:30'),(84,68,5,67,'2020-06-20 08:06:21','2020-06-20 08:06:21'),(85,103,5,68,'2020-06-23 13:02:04','2020-06-23 13:02:04'),(86,105,10,68,'2020-06-23 13:02:04','2020-06-23 13:02:04'),(87,103,5,69,'2020-06-23 13:02:31','2020-06-23 13:02:31'),(88,105,10,69,'2020-06-23 13:02:31','2020-06-23 13:02:31'),(89,103,1,70,'2020-06-23 13:03:26','2020-06-23 13:03:26'),(90,38,1,70,'2020-06-23 13:03:26','2020-06-23 13:03:26'),(91,105,1,70,'2020-06-23 13:03:26','2020-06-23 13:03:26'),(92,110,1,71,'2020-06-23 13:25:12','2020-06-23 13:25:12'),(93,103,1,71,'2020-06-23 13:25:12','2020-06-23 13:25:12'),(94,38,1,71,'2020-06-23 13:25:12','2020-06-23 13:25:12'),(95,105,1,71,'2020-06-23 13:25:12','2020-06-23 13:25:12'),(96,110,1,72,'2020-06-24 06:08:15','2020-06-24 06:08:15'),(97,103,1,72,'2020-06-24 06:08:15','2020-06-24 06:08:15'),(98,38,1,72,'2020-06-24 06:08:15','2020-06-24 06:08:15'),(99,105,1,72,'2020-06-24 06:08:15','2020-06-24 06:08:15'),(100,108,1,72,'2020-06-24 06:08:15','2020-06-24 06:08:15'),(101,103,1,73,'2020-06-24 06:11:48','2020-06-24 06:11:48'),(102,105,1,73,'2020-06-24 06:11:48','2020-06-24 06:11:48'),(103,28,1,73,'2020-06-24 06:11:48','2020-06-24 06:11:48'),(104,30,1,73,'2020-06-24 06:11:48','2020-06-24 06:11:48'),(105,55,9,74,'2020-06-24 06:34:24','2020-06-24 06:34:24'),(106,103,1,74,'2020-06-24 06:34:24','2020-06-24 06:34:24'),(107,105,1,74,'2020-06-24 06:34:24','2020-06-24 06:34:24'),(108,28,1,74,'2020-06-24 06:34:24','2020-06-24 06:34:24'),(109,30,1,74,'2020-06-24 06:34:24','2020-06-24 06:34:24'),(110,86,10,74,'2020-06-24 06:34:24','2020-06-24 06:34:24'),(111,55,9,75,'2020-06-24 08:13:12','2020-06-24 08:13:12'),(112,103,1,75,'2020-06-24 08:13:12','2020-06-24 08:13:12'),(113,105,1,75,'2020-06-24 08:13:12','2020-06-24 08:13:12'),(114,28,1,75,'2020-06-24 08:13:12','2020-06-24 08:13:12'),(115,30,1,75,'2020-06-24 08:13:12','2020-06-24 08:13:12'),(116,86,10,75,'2020-06-24 08:13:12','2020-06-24 08:13:12'),(117,55,1,76,'2020-06-24 08:19:55','2020-06-24 08:19:55'),(118,103,1,76,'2020-06-24 08:19:55','2020-06-24 08:19:55'),(119,105,1,76,'2020-06-24 08:19:55','2020-06-24 08:19:55'),(120,28,1,76,'2020-06-24 08:19:55','2020-06-24 08:19:55'),(121,30,1,76,'2020-06-24 08:19:55','2020-06-24 08:19:55'),(122,86,1,76,'2020-06-24 08:19:55','2020-06-24 08:19:55'),(123,38,1,77,'2020-06-24 08:45:27','2020-06-24 08:45:27'),(124,38,1,78,'2020-06-24 08:46:02','2020-06-24 08:46:02'),(125,4,1,79,'2020-06-24 09:54:01','2020-06-24 09:54:01'),(126,38,2,80,'2020-06-24 10:10:05','2020-06-24 10:10:05'),(127,62,1,81,'2020-06-24 10:29:58','2020-06-24 10:29:58'),(128,27,1,82,'2020-06-27 11:01:44','2020-06-27 11:01:44'),(129,62,1,82,'2020-06-27 11:01:44','2020-06-27 11:01:44'),(130,35,1,83,'2020-06-27 14:42:50','2020-06-27 14:42:50'),(131,27,1,83,'2020-06-27 14:42:50','2020-06-27 14:42:50'),(132,62,1,83,'2020-06-27 14:42:50','2020-06-27 14:42:50'),(133,38,1,84,'2020-06-27 18:08:27','2020-06-27 18:08:27'),(134,38,1,85,'2020-06-27 18:09:13','2020-06-27 18:09:13'),(135,38,1,86,'2020-06-27 19:12:20','2020-06-27 19:12:20'),(136,27,1,87,'2020-06-27 19:12:49','2020-06-27 19:12:49'),(137,27,1,88,'2020-06-27 19:13:46','2020-06-27 19:13:46'),(138,4,1,89,'2020-06-27 19:14:02','2020-06-27 19:14:02'),(139,27,1,90,'2020-06-27 20:10:33','2020-06-27 20:10:33'),(140,4,1,91,'2020-06-27 20:11:04','2020-06-27 20:11:04'),(141,27,1,92,'2020-06-27 20:15:48','2020-06-27 20:15:48'),(142,27,1,93,'2020-06-27 20:16:12','2020-06-27 20:16:12'),(143,1,3,94,'2020-06-27 20:46:52','2020-06-27 20:46:52'),(144,47,3,NULL,'2020-06-27 20:51:35','2020-06-27 20:51:35'),(145,49,2,NULL,'2020-06-27 20:51:35','2020-06-27 20:51:35'),(146,27,1,NULL,'2020-06-27 20:52:38','2020-06-27 20:52:38'),(147,35,1,NULL,'2020-06-27 21:02:15','2020-06-27 21:02:15'),(148,27,1,NULL,'2020-06-27 21:02:15','2020-06-27 21:02:15'),(149,62,1,NULL,'2020-06-27 21:02:15','2020-06-27 21:02:15'),(150,30,1,NULL,'2020-06-27 21:02:15','2020-06-27 21:02:15'),(151,35,1,NULL,'2020-06-28 10:55:08','2020-06-28 10:55:08'),(152,27,1,NULL,'2020-06-28 10:55:08','2020-06-28 10:55:08'),(153,62,1,NULL,'2020-06-28 10:55:08','2020-06-28 10:55:08'),(154,30,1,NULL,'2020-06-28 10:55:08','2020-06-28 10:55:08'),(155,42,1,NULL,'2020-06-28 10:55:08','2020-06-28 10:55:08'),(156,34,1,NULL,'2020-06-28 22:14:01','2020-06-28 22:14:01'),(157,35,1,NULL,'2020-06-28 22:15:03','2020-06-28 22:15:03'),(158,34,1,NULL,'2020-06-28 22:15:03','2020-06-28 22:15:03'),(159,29,1,NULL,'2020-07-01 13:13:11','2020-07-01 13:13:11'),(160,29,1,NULL,'2020-07-01 13:21:03','2020-07-01 13:21:03'),(161,32,1,NULL,'2020-07-01 13:21:03','2020-07-01 13:21:03'),(162,32,1,NULL,'2020-07-02 16:59:32','2020-07-02 16:59:32'),(163,64,20,NULL,'2020-07-03 20:09:03','2020-07-03 20:09:03'),(164,27,2,NULL,'2020-07-04 19:12:40','2020-07-04 19:12:40'),(165,29,2,NULL,'2020-07-04 19:12:40','2020-07-04 19:12:40'),(166,66,1,NULL,'2020-07-04 19:12:53','2020-07-04 19:12:53'),(167,66,1,NULL,'2020-07-04 19:30:42','2020-07-04 19:30:42'),(168,126,1,NULL,'2020-07-04 19:30:42','2020-07-04 19:30:42'),(169,66,1,NULL,'2020-07-05 06:27:50','2020-07-05 06:27:50'),(170,68,1,NULL,'2020-07-05 06:27:50','2020-07-05 06:27:50'),(171,126,1,NULL,'2020-07-05 06:27:50','2020-07-05 06:27:50'),(172,66,1,NULL,'2020-07-05 18:28:21','2020-07-05 18:28:21'),(173,68,1,NULL,'2020-07-05 18:28:21','2020-07-05 18:28:21'),(174,126,1,NULL,'2020-07-05 18:28:21','2020-07-05 18:28:21'),(175,27,1,NULL,'2020-07-05 18:28:21','2020-07-05 18:28:21'),(176,66,1,NULL,'2020-07-05 18:28:52','2020-07-05 18:28:52'),(177,68,1,NULL,'2020-07-05 18:28:52','2020-07-05 18:28:52'),(178,35,1,NULL,'2020-07-05 18:28:52','2020-07-05 18:28:52'),(179,126,1,NULL,'2020-07-05 18:28:52','2020-07-05 18:28:52'),(180,27,1,NULL,'2020-07-05 18:28:52','2020-07-05 18:28:52'),(181,66,1,NULL,'2020-07-05 19:07:00','2020-07-05 19:07:00'),(182,68,1,NULL,'2020-07-05 19:07:00','2020-07-05 19:07:00'),(183,35,1,NULL,'2020-07-05 19:07:00','2020-07-05 19:07:00'),(184,36,1,NULL,'2020-07-05 19:07:00','2020-07-05 19:07:00'),(185,126,1,NULL,'2020-07-05 19:07:00','2020-07-05 19:07:00'),(186,27,1,NULL,'2020-07-05 19:07:00','2020-07-05 19:07:00'),(187,39,1,NULL,'2020-07-06 18:41:03','2020-07-06 18:41:03'),(188,39,1,NULL,'2020-07-06 19:08:34','2020-07-06 19:08:34'),(189,66,1,NULL,'2020-07-06 19:32:10','2020-07-06 19:32:10'),(190,35,1,NULL,'2020-07-06 19:32:10','2020-07-06 19:32:10'),(191,68,1,NULL,'2020-07-06 19:32:10','2020-07-06 19:32:10'),(192,36,1,NULL,'2020-07-06 19:32:10','2020-07-06 19:32:10'),(193,27,1,NULL,'2020-07-06 19:32:11','2020-07-06 19:32:11'),(194,126,1,NULL,'2020-07-06 19:32:11','2020-07-06 19:32:11'),(195,29,1,NULL,'2020-07-06 19:32:11','2020-07-06 19:32:11'),(196,35,1,NULL,'2020-07-06 21:20:11','2020-07-06 21:20:11'),(197,35,1,NULL,'2020-07-07 08:17:45','2020-07-07 08:17:45'),(198,50,1,NULL,'2020-07-07 08:17:45','2020-07-07 08:17:45'),(199,35,1,NULL,'2020-07-07 10:03:01','2020-07-07 10:03:01'),(200,50,1,NULL,'2020-07-07 10:03:01','2020-07-07 10:03:01'),(201,34,1,NULL,'2020-07-08 09:28:25','2020-07-08 09:28:25'),(202,27,1,NULL,'2020-07-08 09:28:25','2020-07-08 09:28:25'),(203,50,1,NULL,'2020-07-10 22:41:15','2020-07-10 22:41:15'),(204,28,1,NULL,'2020-07-11 10:16:22','2020-07-11 10:16:22'),(205,27,1,NULL,'2020-07-11 11:50:38','2020-07-11 11:50:38'),(206,28,1,NULL,'2020-07-11 11:50:38','2020-07-11 11:50:38'),(207,27,1,NULL,'2020-07-11 11:50:46','2020-07-11 11:50:46'),(208,28,1,NULL,'2020-07-11 11:50:46','2020-07-11 11:50:46'),(209,37,1,NULL,'2020-07-11 17:46:53','2020-07-11 17:46:53'),(210,28,1,NULL,'2020-07-11 18:42:57','2020-07-11 18:42:57'),(211,34,1,NULL,'2020-07-12 21:32:44','2020-07-12 21:32:44'),(212,34,1,127,'2020-07-13 13:14:49','2020-07-13 13:14:49'),(213,27,1,127,'2020-07-13 13:14:49','2020-07-13 13:14:49'),(214,34,1,128,'2020-07-13 21:26:06','2020-07-13 21:26:06'),(215,125,1,129,'2020-07-15 21:36:37','2020-07-15 21:36:37'),(216,34,1,130,'2020-07-19 10:33:13','2020-07-19 10:33:13');
/*!40000 ALTER TABLE `ordered_products` ENABLE KEYS */;
UNLOCK TABLES;

--
-- Table structure for table `orders`
--

DROP TABLE IF EXISTS `orders`;
/*!40101 SET @saved_cs_client     = @@character_set_client */;
/*!40101 SET character_set_client = utf8 */;
CREATE TABLE `orders` (
  `id` int(10) unsigned NOT NULL AUTO_INCREMENT,
  `user_id` int(11) DEFAULT NULL,
  `delivery_boy_id` int(11) DEFAULT NULL,
  `created_at` timestamp NULL DEFAULT NULL,
  `updated_at` timestamp NULL DEFAULT NULL,
  `status` varchar(15) COLLATE utf8mb4_unicode_ci NOT NULL DEFAULT 'Pending',
  `signature_customer` varchar(255) COLLATE utf8mb4_unicode_ci DEFAULT NULL,
  `transaction_id` varchar(20) COLLATE utf8mb4_unicode_ci DEFAULT NULL,
  `address` varchar(150) COLLATE utf8mb4_unicode_ci DEFAULT NULL,
  `payment_mode` varchar(6) COLLATE utf8mb4_unicode_ci DEFAULT NULL,
  `recipient_name` varchar(20) COLLATE utf8mb4_unicode_ci DEFAULT NULL,
  `recipient_phone` varchar(13) COLLATE utf8mb4_unicode_ci DEFAULT NULL,
  `total_amount` int(11) DEFAULT NULL,
  `delivery_amount` int(11) DEFAULT NULL,
  `lat` float DEFAULT NULL,
  `lng` float DEFAULT NULL,
  `verification_code` char(4) COLLATE utf8mb4_unicode_ci DEFAULT NULL,
  `delivery_date` date DEFAULT NULL,
  `package` varchar(25) COLLATE utf8mb4_unicode_ci DEFAULT NULL,
  `partner_id` int(11) DEFAULT NULL,
  PRIMARY KEY (`id`)
) ENGINE=InnoDB AUTO_INCREMENT=131 DEFAULT CHARSET=utf8mb4 COLLATE=utf8mb4_unicode_ci;
/*!40101 SET character_set_client = @saved_cs_client */;

--
-- Dumping data for table `orders`
--

LOCK TABLES `orders` WRITE;
/*!40000 ALTER TABLE `orders` DISABLE KEYS */;
INSERT INTO `orders` VALUES (2,3,3,'2020-08-03 09:16:00','2020-05-31 13:29:56','processing','orders/QDL2Ez1GPj.png',NULL,NULL,NULL,NULL,NULL,NULL,NULL,NULL,NULL,'1234',NULL,NULL,NULL),(15,12,3,'2020-05-26 02:46:00','2020-05-26 02:52:20','Pending',NULL,NULL,'saf','cod','asdhl','1234567890',677,0,23,12,NULL,NULL,NULL,NULL),(16,13,NULL,'2020-05-30 00:51:42','2020-05-30 00:51:42','Pending',NULL,NULL,'MH SH 44, Bhokar, Maharashtra 413739, India','cod','Ap','7756097366',200,0,19.6157,74.7716,'4960',NULL,NULL,NULL),(17,13,NULL,'2020-05-30 00:57:47','2020-05-30 00:57:47','Pending',NULL,NULL,'MH SH 44, Bhokar, Maharashtra 413739, India','cod','Ap','7756097366',200,0,19.6157,74.7716,'3042',NULL,NULL,NULL),(18,13,18,'2020-05-31 06:07:00','2020-06-01 13:47:28','Completed','orders/June2020/WfysTHpgza8kgBjE1Zdk.png',NULL,'MH SH 44, Bhokar, Maharashtra 413739, India','cod','Ap','7756097366',200,0,19.6157,74.7716,'9130',NULL,NULL,NULL),(19,NULL,19,'2020-06-01 10:21:00','2020-06-01 13:37:40','completed','orders/cyTUVZNAmL.BLNjFNqrdGGJhCfloZU4gOaxsaNaOJT68LExKRiLj7iA',NULL,'Maharashtra 413739, India','cod','AP','7756097396',24,55,19.604,74.7675,'6219',NULL,NULL,NULL),(20,20,NULL,'2020-06-01 19:24:46','2020-06-01 19:24:46','Pending',NULL,NULL,'Maharashtra 413739, India','cod','AP','7756097366',24,55,19.604,74.7675,'5335',NULL,NULL,NULL),(21,20,NULL,'2020-06-05 15:51:59','2020-06-05 15:51:59','Pending',NULL,NULL,'Unnamed Road, India','cod','AP','7756097366',65,2305,19.604,74.7673,'3136',NULL,NULL,NULL),(22,20,NULL,'2020-06-05 19:05:31','2020-06-05 19:05:31','Pending',NULL,NULL,'MH SH 44, Bhokar, Maharashtra 413739, India','cod','AP','7756097366',1300,0,19.6156,74.7716,'5057',NULL,NULL,NULL),(23,20,NULL,'2020-06-05 19:23:33','2020-06-05 19:23:33','Pending',NULL,NULL,'MH SH 44, Maharashtra 413739, India','cod','AP','7756097366',1300,0,19.6154,74.7547,'8175',NULL,NULL,NULL),(24,20,NULL,'2020-06-05 19:34:42','2020-06-05 19:34:42','Pending',NULL,NULL,'MH SH 44, Maharashtra 413739, India','cod','AP','7756097366',1300,0,19.6154,74.7547,'1101',NULL,NULL,NULL),(29,20,NULL,'2020-06-05 20:52:14','2020-06-05 20:52:14','Pending',NULL,NULL,'MH SH 44, Bhokar, Maharashtra 413739, India','cod','Ap','7756097366',200,0,19.6157,74.7716,'3059',NULL,NULL,NULL),(30,20,19,'2020-06-05 20:57:00','2020-06-07 10:36:56','completed','orders/h2gGA8uAaa.jpg',NULL,'Unnamed Road, India','cod','AP','7756097366',1300,0,19.6041,74.7673,'2810',NULL,NULL,NULL),(31,23,3,'2020-06-05 21:00:00','2020-06-06 19:36:30','Pending',NULL,NULL,'Srijan, Vidyapuri, Kankarbagh, Jogipur, Kankarbagh, Bankman Colony, Patna, Bihar 800026, India','cod','Bhaskar Kishor','7717751691',1375,0,25.595,85.1614,'7214',NULL,NULL,NULL),(32,21,22,'2020-06-05 21:03:00','2020-06-06 12:22:18','Completed','orders/chvWPcB8uq.fjx18oiEpGLaIqEi4GX0gly8jJDCEslRd4YxpHtMsGMJZWW\nlgYzTQVMF',NULL,'Unnamed Road, Rameswaram, Proddatur, Andhra Pradesh 516360, India','cod','Vamshi','9966803822',65,1935,14.7436,78.5426,'5041',NULL,NULL,NULL),(33,21,NULL,'2020-06-05 21:31:38','2020-06-05 21:31:38','Pending',NULL,NULL,'Rameswaram Rd, Rameswaram, Proddatur, Andhra Pradesh 516360, India','cod','Vamshi','7337763918',15,1938,14.744,78.5427,'9501',NULL,NULL,NULL),(34,21,22,'2020-06-06 07:00:00','2020-06-06 12:17:28','Completed','orders/DrrxzRYIWb.fjxz4oSRoAMU95MJEgyA5K7ooSON4DTTw0zSZ1wlykWXcNp\nUnCS0ZkmRWsaJxklKzVFgSZUZtJI0DQLV9fMkPKSyfQBxi7lSMrYYcKbNOP3wPH3r',NULL,'Rameswaram Rd, Rameswaram, Proddatur, Andhra Pradesh 516360, India','cod','Vamshi','7337763918',2600,0,14.744,78.5426,'3193',NULL,NULL,NULL),(35,21,NULL,'2020-06-08 08:45:06','2020-06-08 08:45:06','Pending',NULL,NULL,'Rameswaram Rd, Rameswaram, Proddatur, Andhra Pradesh 516360, India','cod','Vamshi','7337763618',1345,0,14.744,78.5426,'2133',NULL,NULL,NULL),(36,21,NULL,'2020-06-08 08:45:26','2020-06-08 08:45:26','Pending',NULL,NULL,'Rameswaram Rd, Rameswaram, Proddatur, Andhra Pradesh 516360, India','cod','Vamshi','7337763618',1345,0,14.744,78.5426,'6911',NULL,NULL,NULL),(37,21,NULL,'2020-06-08 08:45:57','2020-06-08 08:45:57','Pending',NULL,NULL,'Rameswaram Rd, Rameswaram, Proddatur, Andhra Pradesh 516360, India','cod','Vamshi','7337763918',45,1938,14.7439,78.5426,'2696',NULL,NULL,NULL),(38,21,NULL,'2020-06-08 08:51:02','2020-06-08 08:51:02','Pending',NULL,NULL,'Rameswaram Rd, Rameswaram, Proddatur, Andhra Pradesh 516360, India','cod','Vamshi','6302362937',60,1938,14.744,78.5426,'5926',NULL,NULL,NULL),(39,21,NULL,'2020-06-08 08:51:42','2020-06-08 08:51:42','Pending',NULL,NULL,'Rameswaram Rd, Rameswaram, Proddatur, Andhra Pradesh 516360, India','cod','Vamshi','6302362937',60,1938,14.744,78.5426,'6486',NULL,NULL,NULL),(40,20,NULL,'2020-06-08 09:00:01','2020-06-08 09:00:01','Pending',NULL,NULL,'C-12, Mayfair Eleganza 1, NIBM road kondhwa, Guru Nanak Nagar, Mayfair Eleganza Phase II, Kondhwa, Pune, Maharashtra 411048, India','cod','AP','7756097366',1300,0,18.478,73.8905,'2028',NULL,NULL,NULL),(41,20,NULL,'2020-06-08 09:15:34','2020-06-08 09:15:34','Pending',NULL,NULL,'C-12, Mayfair Eleganza 1, NIBM road kondhwa, Guru Nanak Nagar, Mayfair Eleganza Phase II, Kondhwa, Pune, Maharashtra 411','cod','AP','7756097366',1300,0,18.478,73.8905,'2531',NULL,NULL,NULL),(42,19,NULL,'2020-06-08 09:17:18','2020-06-08 09:17:18','Pending',NULL,NULL,'C-12, Mayfair Eleganza 1, NIBM road kondhwa, Guru Nanak Nagar, Mayfair Eleganza Phase II, Kondhwa, Pune, Maharashtra 411','cod','AP','7756097366',1300,0,18.478,73.8905,'8189',NULL,NULL,NULL),(44,13,3,'2020-06-08 12:30:00','2020-06-08 12:31:48','Pending',NULL,NULL,'Bhokar, Maharashtra 413739, India','cod','ap','9472256831',600,0,19.6039,19.6039,'7888',NULL,NULL,NULL),(45,23,NULL,'2020-06-08 12:35:17','2020-06-08 12:35:17','Pending',NULL,NULL,'Srijan, Vidyapuri, Kankarbagh, Jogipur, Kankarbagh, Bankman Colony, Patna, Bihar 800026, India','cod','Bhaskar Kishor','7717751691',1375,0,25.595,85.1614,'6636',NULL,NULL,NULL),(46,21,NULL,'2020-06-08 13:05:08','2020-06-08 13:05:08','Pending',NULL,NULL,'Rameswaram Rd, Rameswaram, Proddatur, Andhra Pradesh 516360, India','cod','Vamshi','6302362937',1360,0,14.744,78.5426,'5397',NULL,NULL,NULL),(47,21,22,'2020-06-08 13:15:00','2020-06-08 13:17:43','completed','orders/doZKPELYyq.jpg',NULL,'Rameswaram Rd, Rameswaram, Proddatur, Andhra Pradesh 516360, India','cod','Vamshi','9966803822',160,1938,14.744,78.5426,'9172',NULL,NULL,NULL),(48,21,NULL,'2020-06-09 16:00:38','2020-06-09 16:00:38','Pending',NULL,NULL,'vemana nagar,street3, Proddatur, Vasantapet, Proddatur, Andhra Pradesh 516360, India','cod','Vamshi','7337763918',170,1937,14.7425,78.5404,'7385',NULL,NULL,NULL),(49,21,26,'2020-06-09 19:13:00','2020-06-09 20:44:13','completed','orders/7i6iRpWAsg.jpg',NULL,'8/367, Shivaji St, Holmus Pet, Proddatur, Andhra Pradesh 516360, India','cod','Vamshi Krishna','7337763918',215,1940,14.7518,78.5492,'8799',NULL,NULL,NULL),(50,29,32,'2020-06-09 20:20:00','2020-06-09 20:34:03','Processing',NULL,NULL,'Unnamed Road, Vasantapet, Proddatur, Andhra Pradesh 516360, India','cod','Vamshi','6302362937',330,1938,14.7433,78.5427,'6586',NULL,NULL,NULL),(51,20,19,'2020-06-12 17:22:00','2020-06-12 17:24:18','processing',NULL,NULL,'Bhokar - Karegaon Rd, Maharashtra 413739, India','cod','AP','7756097366',50,2311,19.6088,74.7703,'4655',NULL,NULL,NULL),(52,21,NULL,'2020-06-12 18:56:00','2020-06-13 13:59:24','Pending',NULL,NULL,'8/367, Shivaji St, Holmus Pet, Proddatur, Andhra Pradesh 516360, India','cod','Vamshi Krishna','6302362937',34,1940,14.7518,78.5492,'4295',NULL,NULL,NULL),(53,21,22,'2020-06-15 09:52:00','2020-06-15 09:58:10','completed','orders/oY5WNEPfVZ.jpg',NULL,'Rameswaram Rd, Rameswaram, Proddatur, Andhra Pradesh 516360, India','cod','Vamshi Krishna','6302362937',75,1938,14.744,78.5427,'3437',NULL,NULL,NULL),(54,20,NULL,'2020-06-15 11:20:19','2020-06-15 11:20:19','Pending',NULL,NULL,'Bhokar - Karegaon Rd, Maharashtra 413739, India','cod','A','7756097366',25,2311,19.6088,74.7703,'2510',NULL,NULL,NULL),(55,21,NULL,'2020-06-15 11:46:13','2020-06-15 11:46:13','Pending',NULL,NULL,'8/367, Shivaji St, Holmus Pet, Proddatur, Andhra Pradesh 516360, India','cod','Vamshi Krishna','7337763918',70,1940,14.7518,78.5492,'1323',NULL,NULL,NULL),(56,21,NULL,'2020-06-15 18:20:00','2020-06-15 18:25:58','Processing',NULL,NULL,'Rameswaram Rd, Rameswaram, Proddatur, Andhra Pradesh 516360, India','cod','Vamshi Krishna','7337763918',30,1937,14.7455,78.542,'5062','2020-06-16',NULL,NULL),(57,21,22,'2020-06-15 18:47:00','2020-06-15 19:01:17','completed','orders/TfIh0rrgtp.jpg',NULL,'24/459, Gandhi Rd, Sarvakatta, Proddatur, Andhra Pradesh 516360, India','cod','Vamshi Krishna','7337763918',64,1939,14.7472,78.5463,'2213',NULL,NULL,NULL),(58,21,NULL,'2020-06-15 19:04:08','2020-06-15 19:04:08','Pending',NULL,NULL,'24/459, Gandhi Rd, Sarvakatta, Proddatur, Andhra Pradesh 516360, India','cod','Vamshi Krishna','6302362937',34,1939,14.7472,78.5463,'2378',NULL,NULL,NULL),(59,21,NULL,'2020-06-15 23:50:42','2020-06-15 23:50:42','Pending',NULL,NULL,'Unnamed Road, Vasantapet, Proddatur, Andhra Pradesh 516360, India','cod','Vamshi Krishna','6302362937',30,1937,14.7429,78.5414,'1889',NULL,NULL,NULL),(60,34,22,'2020-06-16 13:20:00','2020-06-17 17:12:32','completed','orders/7jNOukh1HZ.jpg',NULL,'14, 3rd Cross Rd, Maruthi Nagar, Yelahanka, Bengaluru, Karnataka 560064, India','cod','Tejuswini M','9739702411',30,1905,13.107,77.6074,'9156',NULL,NULL,NULL),(61,21,22,'2020-06-16 13:39:00','2020-06-17 17:17:57','completed','orders/CVLDTKRixw.jpg',NULL,'Rameswaram Rd, Rameswaram, Proddatur, Andhra Pradesh 516360, India','cod','Vamshi Krishna','6302362937',295,1938,14.7439,78.5426,'2383','2020-06-18',NULL,NULL),(62,33,NULL,'2020-06-17 22:04:56','2020-06-17 22:04:56','Pending',NULL,NULL,'Srijan, Vidyapuri, Kankarbagh, Jogipur, Kankarbagh, Bankman Colony, Patna, Bihar 800026, India','cod','customer','7717751691',50,7715,25.595,85.1614,'6032',NULL,NULL,NULL),(63,21,NULL,'2020-06-18 12:53:13','2020-06-18 12:53:13','Pending',NULL,NULL,'Rameswaram Rd, Rameswaram, Proddatur, Andhra Pradesh 516360, India','cod','Vamshi Krishna','6302362937',325,1938,14.7439,78.5426,'8111',NULL,NULL,NULL),(64,21,NULL,'2020-06-18 12:57:46','2020-06-18 12:57:46','Pending',NULL,NULL,'Rameswaram Rd, Rameswaram, Proddatur, Andhra Pradesh 516360, India','cod','Vamshi Krishna','7337763918',130,1938,14.744,78.5426,'4928',NULL,NULL,NULL),(65,21,22,'2020-06-18 13:00:00','2020-06-18 19:27:35','Completed',NULL,NULL,'Rameswaram Rd, Rameswaram, Proddatur, Andhra Pradesh 516360, India','cod','Vamshi Krishna','6302362937',1300,0,14.744,78.5426,'5399',NULL,NULL,NULL),(66,21,NULL,'2020-06-18 13:01:30','2020-06-18 13:01:30','Pending',NULL,NULL,'Rameswaram Rd, Rameswaram, Proddatur, Andhra Pradesh 516360, India','cod','Vamshi Krishna','6302362937',25,1938,14.744,78.5426,'3256',NULL,NULL,NULL),(67,33,22,'2020-06-20 08:06:00','2020-06-22 11:36:44','Processing','orders/gIBY7JSbmJ.jpg',NULL,'Unnamed Road, Vasantapet, Proddatur, Andhra Pradesh 516360, India','cod','Vamshi Krishna','+919472256831',1200,0,14.7429,78.5414,'7392',NULL,'packages/Mt9Rdq4dYT.jpg',NULL),(68,22,NULL,'2020-06-23 13:02:04','2020-06-23 13:02:04','Pending',NULL,NULL,'Rameswaram Rd, Rameswaram, Proddatur, Andhra Pradesh 516360, India','cod','Vamshi Krishna','6302362937',625,0,14.7439,78.5426,'2765',NULL,NULL,NULL),(69,22,NULL,'2020-06-23 13:02:31','2020-06-23 13:02:31','Pending',NULL,NULL,'Rameswaram Rd, Rameswaram, Proddatur, Andhra Pradesh 516360, India','cod','Vamshi Krishna','6302362937',625,0,14.744,78.5428,'8921',NULL,NULL,NULL),(70,22,NULL,'2020-06-23 13:03:26','2020-06-23 13:03:26','Pending',NULL,NULL,'Rameswaram Rd, Rameswaram, Proddatur, Andhra Pradesh 516360, India','cod','Vamshi Krishna','6302362937',95,1938,14.744,78.5428,'9290',NULL,NULL,NULL),(71,22,NULL,'2020-06-23 13:25:12','2020-06-23 13:25:12','Pending',NULL,NULL,'Rameswaram Rd, Rameswaram, Proddatur, Andhra Pradesh 516360, India','cod','Vamshi Krishna','6302362937',131,1938,14.744,78.5426,'2751',NULL,NULL,NULL),(72,22,NULL,'2020-06-24 06:08:15','2020-06-24 06:08:15','Pending',NULL,NULL,'Rameswaram Rd, Rameswaram, Proddatur, Andhra Pradesh 516360, India','cod','Vamshi Krishna','6302362937',165,1938,14.744,78.5426,'2644',NULL,NULL,NULL),(73,22,NULL,'2020-06-24 06:11:48','2020-06-24 06:11:48','Pending',NULL,NULL,'Unnamed Road, Vasantapet, Proddatur, Andhra Pradesh 516360, India','cod','Vamshi Krishna','6302362937',70,1937,14.7429,78.5414,'3831',NULL,NULL,NULL),(74,22,NULL,'2020-06-24 06:34:24','2020-06-24 06:34:24','Pending',NULL,NULL,'Rameswaram Rd, Rameswaram, Proddatur, Andhra Pradesh 516360, India','cod','Vamshi Krishna','7337763918',1095,0,14.744,78.5426,'9977',NULL,NULL,NULL),(75,22,NULL,'2020-06-24 08:13:12','2020-06-24 08:13:12','Pending',NULL,NULL,'Unnamed Road, Vasantapet, Proddatur, Andhra Pradesh 516360, India','cod','Vamshi Krishna','6302362937',1095,0,14.7429,78.5414,'7463',NULL,NULL,NULL),(76,22,NULL,'2020-06-24 08:19:55','2020-06-24 08:19:55','Pending',NULL,NULL,'Unnamed Road, Vasantapet, Proddatur, Andhra Pradesh 516360, India','cod','Vamshi Krishna','7337763918',180,1937,14.7429,78.5414,'3674',NULL,NULL,NULL),(77,39,NULL,'2020-06-24 08:45:27','2020-06-24 08:45:27','Pending',NULL,NULL,'MH SH 44, Bhokar, Maharashtra 413739, India','cod','so','1234567891',20,2315,19.6155,74.7715,'4880',NULL,NULL,NULL),(78,39,NULL,'2020-06-24 08:46:02','2020-06-24 08:46:02','Pending',NULL,NULL,'MH SH 44, Bhokar, Maharashtra 413739, India','cod','so','1234567891',20,2315,19.6155,74.7715,'2599',NULL,NULL,NULL),(79,20,NULL,'2020-06-24 09:54:01','2020-06-24 09:54:01','Pending',NULL,NULL,'C-12, Mayfair Eleganza 1, NIBM road kondhwa, Guru Nanak Nagar, Mayfair Eleganza Phase II, Kondhwa, Pune, Maharashtra 411','cod','AP','7756097366',1300,0,18.478,73.8905,'6657',NULL,NULL,NULL),(80,39,NULL,'2020-06-24 10:10:05','2020-06-24 10:10:05','Pending',NULL,NULL,'MH SH 44, Bhokar, Maharashtra 413739, India','cod','so','1234567891',40,2315,19.6155,74.7715,'9405',NULL,NULL,NULL),(81,22,NULL,'2020-06-24 10:29:58','2020-06-24 10:29:58','Pending',NULL,NULL,'Unnamed Road, Vasantapet, Proddatur, Andhra Pradesh 516360, India','cod','Vamshi Krishna','6302362937',175,1937,14.7429,78.5414,'2100',NULL,NULL,NULL),(82,22,NULL,'2020-06-27 11:01:44','2020-06-27 11:01:44','Pending',NULL,NULL,'170, 1st Main Rd, Layout, Pavamanapura, Bengaluru, Karnataka 560062, India','cod','Vamshi Krishna','6302362937',205,1960,12.8765,77.5173,'8932',NULL,NULL,NULL),(83,22,NULL,'2020-06-27 14:42:50','2020-06-27 14:42:50','Pending',NULL,NULL,'170, 1st Main Rd, Layout, Pavamanapura, Bengaluru, Karnataka 560062, India','cod','Vamshi Krishna','6302362937',325,1960,12.8765,77.5173,'3865',NULL,NULL,NULL),(84,39,NULL,'2020-06-27 18:08:27','2020-06-27 18:08:27','Pending',NULL,NULL,'Unnamed Road, Lingdev, Maharashtra 422610, India','cod','so','1234567891',20,2269,19.4414,74.081,'9158',NULL,NULL,NULL),(85,39,NULL,'2020-06-27 18:09:13','2020-06-27 18:09:13','Pending',NULL,NULL,'Unnamed Road, Lingdev, Maharashtra 422610, India','cod','so','1234567891',20,2269,19.4414,74.081,'4538',NULL,NULL,NULL),(86,39,NULL,'2020-06-27 19:12:20','2020-06-27 19:12:20','Pending',NULL,NULL,'Unnamed Road, Lingdev, Maharashtra 422610, India','cod','so','1234567891',20,2269,19.4414,74.081,'3865',NULL,NULL,NULL),(87,39,NULL,'2020-06-27 19:12:49','2020-06-27 19:12:49','Pending',NULL,NULL,'Unnamed Road, Lingdev, Maharashtra 422610, India','cod','so','1234567891',30,2269,19.4414,74.081,'3464',NULL,NULL,NULL),(88,20,NULL,'2020-06-27 19:13:46','2020-06-27 19:13:46','Pending',NULL,NULL,'Unnamed Road, Lingdev, Maharashtra 422610, India','cod','A','7756097366',30,2269,19.4414,74.081,'9701',NULL,NULL,NULL),(89,20,NULL,'2020-06-27 19:14:02','2020-06-27 19:14:02','Pending',NULL,NULL,'C-12, Mayfair Eleganza 1, NIBM road kondhwa, Guru Nanak Nagar, Mayfair Eleganza Phase II, Kondhwa, Pune, Maharashtra 411','cod','AP','7756097366',1300,0,18.478,73.8905,'9196',NULL,NULL,NULL),(90,20,NULL,'2020-06-27 20:10:33','2020-06-27 20:10:33','Pending',NULL,NULL,'Unnamed Road, Lingdev, Maharashtra 422610, India','cod','A','7756097366',30,2269,19.4414,74.081,'9669',NULL,NULL,NULL),(91,20,NULL,'2020-06-27 20:11:04','2020-06-27 20:11:04','Pending',NULL,NULL,'C-12, Mayfair Eleganza 1, NIBM road kondhwa, Guru Nanak Nagar, Mayfair Eleganza Phase II, Kondhwa, Pune, Maharashtra 411','cod','AP','7756097366',1300,0,18.478,73.8905,'2918',NULL,NULL,NULL),(92,20,NULL,'2020-06-27 20:15:48','2020-06-27 20:15:48','Pending',NULL,NULL,'Unnamed Road, Lingdev, Maharashtra 422610, India','cod','A','7756097366',30,2269,19.4414,74.081,'6456',NULL,NULL,NULL),(93,20,NULL,'2020-06-27 20:16:12','2020-06-27 20:16:12','Pending',NULL,NULL,'Unnamed Road, Lingdev, Maharashtra 422610, India','cod','A','7756097366',30,2269,19.4414,74.081,'1032',NULL,NULL,NULL),(94,33,NULL,'2020-06-27 20:46:52','2020-06-27 20:46:52','Pending',NULL,NULL,'random address',NULL,'bhaskar','9472256831',34,5,7.99,9.009,'3021',NULL,NULL,NULL),(95,33,NULL,'2020-06-27 20:51:35','2020-06-27 20:51:35','Pending',NULL,NULL,'random address',NULL,'bhaskar','9472256831',34,5,7.99,9.009,'1604',NULL,NULL,NULL),(96,20,NULL,'2020-06-27 20:52:38','2020-06-27 20:52:38','Pending',NULL,NULL,'Unnamed Road, Lingdev, Maharashtra 422610, India','cod','A','7756097366',30,2269,19.4414,74.081,'1464',NULL,NULL,NULL),(97,22,22,'2020-06-27 21:02:00','2020-06-28 10:44:43','Processing',NULL,NULL,'170, 1st Main Rd, Layout, Pavamanapura, Bengaluru, Karnataka 560062, India','cod','Vamshi Krishna','6302362937',365,1960,12.8765,77.5173,'7128',NULL,NULL,NULL),(98,NULL,NULL,'2020-06-28 10:55:00','2020-06-28 19:42:00','Processing',NULL,NULL,'36/5 Ramanath Nagar, Nagadevanahalli, Mutharayana Nagar, Kengeri Satellite Town, Bengaluru, Karnataka 560056, India','cod','Vamshi Krishna','6302362937',390,1929,12.934,77.4959,'1626',NULL,NULL,NULL),(99,42,37,'2020-06-28 22:14:00','2020-06-29 12:51:20','completed','orders/Ni9n7CRBR1.jpg',NULL,'1st main road, Pavamanapura, Bengaluru, Karnataka 560062, India','cod','bh','9071815151',100,1960,12.8751,77.5168,'7195',NULL,'packages/ou6K6GtnCe.jpg',NULL),(100,42,41,'2020-06-28 22:15:00','2020-06-30 13:21:40','Completed','orders/d7bqmI4Ecr.jpg',NULL,'1st main road, Pavamanapura, Bengaluru, Karnataka 560062, India','cod','bh','9071815151',220,0,12.8751,77.5168,'8430',NULL,'packages/DRxIsfxvOy.jpg',NULL),(101,44,41,'2020-07-01 13:13:00','2020-07-01 13:23:56','completed','orders/UQ0Ns3Sb57.jpg',NULL,'1st main road, Pavamanapura, Bengaluru, Karnataka 560062, India','cod','Pradeep','9731955514',200,1960,12.8751,77.5168,'3239',NULL,'packages/nljlMEHPSI.jpg',NULL),(102,44,41,'2020-07-01 13:21:00','2020-07-01 13:22:40','Processing',NULL,NULL,'1st main road, Pavamanapura, Bengaluru, Karnataka 560062, India','cod','Pradeep','9731955514',210,1960,12.8751,77.5168,'7859',NULL,NULL,NULL),(103,41,41,'2020-07-02 16:59:00','2020-07-03 09:38:45','Processing',NULL,NULL,'#109/2 , 1st main road near raghavendra swamy matt, Kalidasa Layout, Srinagar, Banashankari, Bengaluru, Karnataka 560050, India','cod','Vamshi Krishna','6302362937',10,1944,12.948,77.5514,'2836','2020-07-02',NULL,NULL),(104,41,41,'2020-07-03 20:09:00','2020-07-03 20:11:38','Completed','orders/NVwpWcOTBT.jpg',NULL,'1st main road, Pavamanapura, Bengaluru, Karnataka 560062, India','cod','Vamshi Krishna','6302362937',1000,0,12.8748,77.5169,'9227',NULL,'packages/DCv0indsty.jpg',NULL),(105,35,41,'2020-07-04 19:12:00','2020-07-04 19:17:42','Completed','orders/W34IhIqdrs.jpg',NULL,'Vishal Mess, Near shankarmath, Ambedkar Nagar, Yalakki Shettar Colony, Dharwad, Karnataka 580004, India','cod','raju','8095037333',460,8,15.4393,75.024,'1756',NULL,'packages/mIqN3v0TaR.jpg',NULL),(106,41,NULL,'2020-07-04 19:12:53','2020-07-04 19:12:53','Pending',NULL,NULL,'1st main road, Pavamanapura, Bengaluru, Karnataka 560062, India','cod','Vamshi Krishna','6302362937',350,1960,12.8749,77.517,'8090',NULL,NULL,NULL),(107,41,NULL,'2020-07-04 19:30:00','2020-07-07 07:00:08','Pending',NULL,NULL,'1st main road, Pavamanapura, Bengaluru, Karnataka 560062, India','cod','Vamshi Krishna','6302362937',377,1960,12.8749,77.517,'3501',NULL,NULL,NULL),(108,NULL,21,'2020-07-05 06:27:00','2020-07-10 11:29:58','completed','orders/sryq7LfwHF.jpg',NULL,'1st main road, Pavamanapura, Bengaluru, Karnataka 560062, India','cod','Vamshi Krishna','6302362937',617,0,12.8749,77.517,'1601',NULL,'packages/NwVlJCZyQk.jpg',NULL),(109,41,NULL,'2020-07-05 18:28:21','2020-07-05 18:28:21','Pending',NULL,NULL,'1st main road, Pavamanapura, Bengaluru, Karnataka 560062, India','cod','Vamshi Krishna','6302362937',647,0,12.8749,77.5172,'3236',NULL,NULL,NULL),(110,41,NULL,'2020-07-05 18:28:52','2020-07-05 18:28:52','Pending',NULL,NULL,'1st main road, Pavamanapura, Bengaluru, Karnataka 560062, India','cod','Vamshi Krishna','6302362937',767,0,12.8749,77.5172,'4022',NULL,NULL,NULL),(111,41,41,'2020-07-05 19:07:00','2020-07-06 10:26:20','Completed',NULL,NULL,'1st main road, Pavamanapura, Bengaluru, Karnataka 560062, India','cod','Vamshi Krishna','6302362937',887,NULL,12.8751,77.5168,'3688','2020-07-06',NULL,NULL),(112,20,NULL,'2020-07-06 18:41:03','2020-07-06 18:41:03','Pending',NULL,NULL,'MH SH 44, Maharashtra 413739, India','online','A','7756097366',50,2315,19.6151,74.7574,'5491',NULL,NULL,NULL),(113,20,37,'2020-07-06 19:08:00','2020-07-11 11:00:45','completed','orders/pWlyf45NRK.jpg',NULL,'MH SH 44, Maharashtra 413739, India','online','AP','7756097366',50,2315,19.6151,74.7574,'7073',NULL,'packages/sLXdbQXPKu.jpg',NULL),(114,41,NULL,'2020-07-06 19:27:25','2020-07-06 19:27:25','Pending',NULL,NULL,'1st main road, Pavamanapura, Bengaluru, Karnataka 560062, India','cod','Vamshi Krishna','6302362937',590,0,12.8747,77.5173,'1689',NULL,NULL,NULL),(115,41,NULL,'2020-07-06 19:32:00','2020-07-07 06:59:10','Processing',NULL,NULL,'1st main road, Pavamanapura, Bengaluru, Karnataka 560062, India','cod','Vamshi Krishna','6302362937',1087,0,12.8749,77.5172,'7752',NULL,NULL,NULL),(116,41,41,'2020-07-06 21:20:00','2020-07-06 21:22:55','Processing',NULL,NULL,'25/758, PRODDUTUR, 516360','online','Vamshi Krishna','6302362937',120,0,12.8749,77.5169,'3186',NULL,NULL,NULL),(117,41,NULL,'2020-07-07 08:17:45','2020-07-07 08:17:45','Pending',NULL,'order_FBRiOv9nTO8uwb','1st main road, Pavamanapura, Bengaluru, Karnataka 560062, India','online','Vamshi Krishna','6302362937',160,1960,12.875,77.5168,'5384',NULL,NULL,NULL),(118,NULL,21,'2020-07-07 10:03:00','2020-07-10 10:57:23','Processing',NULL,'order_FBTVLu3WdHPTPs','1st main road, Pavamanapura, Bengaluru, Karnataka 560062, India','online','Vamshi Krishna','6302362937',120,1960,12.8751,77.5169,'6051',NULL,NULL,NULL),(119,NULL,37,'2020-07-08 09:28:00','2020-07-09 21:57:09','completed','orders/Hy23jWfLRj.jpg','order_FBrQ0NrRGCjTYS','1st main road, Pavamanapura, Bengaluru, Karnataka 560062, India','online','Vamshi Krishna','6302362937',100,1960,12.875,77.5168,'9122',NULL,'packages/0yyjgoCjvG.jpg',NULL),(120,46,37,'2020-07-10 22:41:00','2020-07-11 11:07:22','Processing','orders/Qao78rN9yw.jpg',NULL,'13/21 25, 13th Main Rd, Dasarhalli, Srinagar, Banashankari, Bengaluru, Karnataka 560050, India','cod','vk','6302362937',40,44,12.9446,77.5535,'9511',NULL,'packages/GELyfhb5Zm.jpg',NULL),(121,46,21,'2020-07-11 10:16:00','2020-07-11 10:38:26','completed','orders/Ehn11F3L0k.jpg',NULL,'near park Park St, Pavamanapura, Bengaluru, Karnataka 560062, India','cod','vk','6302362937',30,3,12.8698,77.5149,'7780','2020-07-11','packages/GqVwdDi1GN.jpg',NULL),(122,46,NULL,'2020-07-11 11:50:38','2020-07-11 11:50:38','Pending',NULL,NULL,'ted 1st main road, Pavamanapura, Bengaluru, Karnataka 560062, India','cod','vk','6302362937',30,1,12.8751,77.5168,'5771',NULL,NULL,NULL),(123,46,NULL,'2020-07-11 11:50:46','2020-07-11 11:50:46','Pending',NULL,NULL,'trs 1st main road, Pavamanapura, Bengaluru, Karnataka 560062, India','cod','vk','6302362937',60,1,12.875,77.5168,'7781',NULL,NULL,NULL),(124,46,21,'2020-07-11 17:46:00','2020-07-11 18:22:55','Processing','orders/7rWVrnL0ZZ.jpg',NULL,'test Freedom St, Banashankari 6th Stage 3rd Block, Banashankari 6th Stage, Thurahalli, Karnataka 560062, India','cod','vk','6302362937',30,3,12.8802,77.5114,'4591',NULL,'packages/68YAB49lVv.jpg',NULL),(125,46,NULL,'2020-07-11 18:42:57','2020-07-11 18:42:57','Pending',NULL,NULL,'near temple 1st main road, Pavamanapura, Bengaluru, Karnataka 560062, India','cod','vk','6302362937',30,1,12.875,77.5168,'4514',NULL,NULL,NULL),(126,58,59,'2020-07-12 21:32:00','2020-07-12 21:37:18','Processing',NULL,NULL,'House/Flat : 12 Ward : 15 Street : DfhnHh Landmark : Vvh Area : Fgh','online','adfgg','7756097266',100,10,NULL,NULL,'4931',NULL,NULL,NULL),(127,58,NULL,'2020-07-13 13:14:48','2020-07-13 13:14:48','Pending',NULL,NULL,'House/Flat : 12 Ward : 15 Street : Dfhn\nHh Landmark : Vvh Area : Fgh','online','adfgg','7756097266',130,10,NULL,NULL,'8465',NULL,NULL,NULL),(128,58,46,'2020-07-13 21:26:00','2020-07-14 18:42:33','Processing',NULL,NULL,'House/Flat : 12 Ward : 10 Street : Something Landmark : Somewhere Area : Some place','online','adfgg','7756097266',100,10,NULL,NULL,'5118',NULL,NULL,NULL),(129,58,24,'2020-07-15 21:36:00','2020-07-18 11:03:26','Processing',NULL,NULL,'House/Flat : 12 Ward : 15 Street : DfhnHh Landmark : Vvh Area : Fgh','online','adfgg','7756097266',95,10,NULL,NULL,'9921',NULL,NULL,NULL),(130,58,NULL,'2020-07-19 10:33:13','2020-07-19 10:33:13','Pending',NULL,NULL,'House/Flat : 12 Ward : 15 Street : Dfhn\nHh Landmark : Vvh Area : Fgh','online','adfgg','7756097266',100,10,NULL,NULL,'3013',NULL,NULL,NULL);
/*!40000 ALTER TABLE `orders` ENABLE KEYS */;
UNLOCK TABLES;

--
-- Table structure for table `password_resets`
--

DROP TABLE IF EXISTS `password_resets`;
/*!40101 SET @saved_cs_client     = @@character_set_client */;
/*!40101 SET character_set_client = utf8 */;
CREATE TABLE `password_resets` (
  `email` varchar(255) COLLATE utf8mb4_unicode_ci NOT NULL,
  `token` varchar(255) COLLATE utf8mb4_unicode_ci NOT NULL,
  `created_at` timestamp NULL DEFAULT NULL,
  KEY `password_resets_email_index` (`email`)
) ENGINE=InnoDB DEFAULT CHARSET=utf8mb4 COLLATE=utf8mb4_unicode_ci;
/*!40101 SET character_set_client = @saved_cs_client */;

--
-- Dumping data for table `password_resets`
--

LOCK TABLES `password_resets` WRITE;
/*!40000 ALTER TABLE `password_resets` DISABLE KEYS */;
INSERT INTO `password_resets` VALUES ('bhaskar@email.com','$2y$10$2oULS8ttmDBW0gzJqkId6eUVQvesB3FDTkKV5bRB5Bmxq7I83cbN.','2020-05-21 01:05:21'),('customer@email.com','$2y$10$JT53rAGMJzx51.00peeYEuxfTZZ8Fb/OZbSnbIiqULFOIEKTDM30C','2020-05-26 22:22:39'),('cvamsik5@gmail.com','$2y$10$vYMlR3UAYB1w2CPsjb.olOG6miR2bc1h3bYUW3oKHPpC69BbWg/l6','2020-06-06 06:58:38');
/*!40000 ALTER TABLE `password_resets` ENABLE KEYS */;
UNLOCK TABLES;

--
-- Table structure for table `permission_role`
--

DROP TABLE IF EXISTS `permission_role`;
/*!40101 SET @saved_cs_client     = @@character_set_client */;
/*!40101 SET character_set_client = utf8 */;
CREATE TABLE `permission_role` (
  `permission_id` bigint(20) unsigned NOT NULL,
  `role_id` bigint(20) unsigned NOT NULL,
  PRIMARY KEY (`permission_id`,`role_id`),
  KEY `permission_role_permission_id_index` (`permission_id`),
  KEY `permission_role_role_id_index` (`role_id`),
  CONSTRAINT `permission_role_permission_id_foreign` FOREIGN KEY (`permission_id`) REFERENCES `permissions` (`id`) ON DELETE CASCADE,
  CONSTRAINT `permission_role_role_id_foreign` FOREIGN KEY (`role_id`) REFERENCES `roles` (`id`) ON DELETE CASCADE
) ENGINE=InnoDB DEFAULT CHARSET=utf8mb4 COLLATE=utf8mb4_unicode_ci;
/*!40101 SET character_set_client = @saved_cs_client */;

--
-- Dumping data for table `permission_role`
--

LOCK TABLES `permission_role` WRITE;
/*!40000 ALTER TABLE `permission_role` DISABLE KEYS */;
INSERT INTO `permission_role` VALUES (1,1),(1,4),(2,1),(2,4),(3,1),(4,1),(5,1),(6,1),(7,1),(8,1),(9,1),(10,1),(11,1),(12,1),(13,1),(14,1),(15,1),(16,1),(16,4),(17,1),(17,4),(18,1),(19,1),(20,1),(21,1),(22,1),(23,1),(24,1),(25,1),(26,1),(27,1),(28,1),(29,1),(30,1),(31,1),(37,1),(37,4),(38,1),(38,4),(39,1),(39,4),(40,1),(40,4),(41,1),(41,4),(42,1),(43,1),(44,1),(45,1),(46,1),(47,1),(48,1),(49,1),(50,1),(51,1),(67,1),(68,1),(69,1),(70,1),(71,1),(72,1),(73,1),(74,1),(75,1),(76,1),(92,1),(93,1),(94,1),(95,1),(96,1),(97,1),(98,1),(99,1),(100,1),(101,1),(102,1),(103,1),(104,1),(105,1),(106,1),(107,1),(108,1),(109,1),(110,1),(111,1),(112,1),(113,1),(114,1),(115,1),(116,1),(117,1),(118,1),(119,1),(120,1),(121,1),(122,1),(123,1),(124,1),(125,1),(126,1),(127,1),(127,4),(128,1),(128,4),(129,1),(129,4),(130,1),(130,4),(131,1),(131,4),(132,1),(133,1);
/*!40000 ALTER TABLE `permission_role` ENABLE KEYS */;
UNLOCK TABLES;

--
-- Table structure for table `permissions`
--

DROP TABLE IF EXISTS `permissions`;
/*!40101 SET @saved_cs_client     = @@character_set_client */;
/*!40101 SET character_set_client = utf8 */;
CREATE TABLE `permissions` (
  `id` bigint(20) unsigned NOT NULL AUTO_INCREMENT,
  `key` varchar(255) COLLATE utf8mb4_unicode_ci NOT NULL,
  `table_name` varchar(255) COLLATE utf8mb4_unicode_ci DEFAULT NULL,
  `created_at` timestamp NULL DEFAULT NULL,
  `updated_at` timestamp NULL DEFAULT NULL,
  PRIMARY KEY (`id`),
  KEY `permissions_key_index` (`key`)
) ENGINE=InnoDB AUTO_INCREMENT=134 DEFAULT CHARSET=utf8mb4 COLLATE=utf8mb4_unicode_ci;
/*!40101 SET character_set_client = @saved_cs_client */;

--
-- Dumping data for table `permissions`
--

LOCK TABLES `permissions` WRITE;
/*!40000 ALTER TABLE `permissions` DISABLE KEYS */;
INSERT INTO `permissions` VALUES (1,'browse_admin',NULL,'2020-05-17 02:08:14','2020-05-17 02:08:14'),(2,'browse_bread',NULL,'2020-05-17 02:08:14','2020-05-17 02:08:14'),(3,'browse_database',NULL,'2020-05-17 02:08:14','2020-05-17 02:08:14'),(4,'browse_media',NULL,'2020-05-17 02:08:14','2020-05-17 02:08:14'),(5,'browse_compass',NULL,'2020-05-17 02:08:14','2020-05-17 02:08:14'),(6,'browse_menus','menus','2020-05-17 02:08:14','2020-05-17 02:08:14'),(7,'read_menus','menus','2020-05-17 02:08:14','2020-05-17 02:08:14'),(8,'edit_menus','menus','2020-05-17 02:08:14','2020-05-17 02:08:14'),(9,'add_menus','menus','2020-05-17 02:08:14','2020-05-17 02:08:14'),(10,'delete_menus','menus','2020-05-17 02:08:14','2020-05-17 02:08:14'),(11,'browse_roles','roles','2020-05-17 02:08:14','2020-05-17 02:08:14'),(12,'read_roles','roles','2020-05-17 02:08:14','2020-05-17 02:08:14'),(13,'edit_roles','roles','2020-05-17 02:08:14','2020-05-17 02:08:14'),(14,'add_roles','roles','2020-05-17 02:08:14','2020-05-17 02:08:14'),(15,'delete_roles','roles','2020-05-17 02:08:14','2020-05-17 02:08:14'),(16,'browse_users','users','2020-05-17 02:08:14','2020-05-17 02:08:14'),(17,'read_users','users','2020-05-17 02:08:14','2020-05-17 02:08:14'),(18,'edit_users','users','2020-05-17 02:08:14','2020-05-17 02:08:14'),(19,'add_users','users','2020-05-17 02:08:14','2020-05-17 02:08:14'),(20,'delete_users','users','2020-05-17 02:08:14','2020-05-17 02:08:14'),(21,'browse_settings','settings','2020-05-17 02:08:14','2020-05-17 02:08:14'),(22,'read_settings','settings','2020-05-17 02:08:14','2020-05-17 02:08:14'),(23,'edit_settings','settings','2020-05-17 02:08:14','2020-05-17 02:08:14'),(24,'add_settings','settings','2020-05-17 02:08:14','2020-05-17 02:08:14'),(25,'delete_settings','settings','2020-05-17 02:08:14','2020-05-17 02:08:14'),(26,'browse_hooks',NULL,'2020-05-17 02:08:15','2020-05-17 02:08:15'),(27,'browse_categories','categories','2020-05-17 02:27:35','2020-05-17 02:27:35'),(28,'read_categories','categories','2020-05-17 02:27:35','2020-05-17 02:27:35'),(29,'edit_categories','categories','2020-05-17 02:27:35','2020-05-17 02:27:35'),(30,'add_categories','categories','2020-05-17 02:27:35','2020-05-17 02:27:35'),(31,'delete_categories','categories','2020-05-17 02:27:35','2020-05-17 02:27:35'),(37,'browse_orders','orders','2020-05-17 02:27:58','2020-05-17 02:27:58'),(38,'read_orders','orders','2020-05-17 02:27:58','2020-05-17 02:27:58'),(39,'edit_orders','orders','2020-05-17 02:27:58','2020-05-17 02:27:58'),(40,'add_orders','orders','2020-05-17 02:27:58','2020-05-17 02:27:58'),(41,'delete_orders','orders','2020-05-17 02:27:58','2020-05-17 02:27:58'),(42,'browse_products','products','2020-05-17 02:28:07','2020-05-17 02:28:07'),(43,'read_products','products','2020-05-17 02:28:07','2020-05-17 02:28:07'),(44,'edit_products','products','2020-05-17 02:28:07','2020-05-17 02:28:07'),(45,'add_products','products','2020-05-17 02:28:07','2020-05-17 02:28:07'),(46,'delete_products','products','2020-05-17 02:28:07','2020-05-17 02:28:07'),(47,'browse_sub_categories','sub_categories','2020-05-19 01:36:02','2020-05-19 01:36:02'),(48,'read_sub_categories','sub_categories','2020-05-19 01:36:02','2020-05-19 01:36:02'),(49,'edit_sub_categories','sub_categories','2020-05-19 01:36:02','2020-05-19 01:36:02'),(50,'add_sub_categories','sub_categories','2020-05-19 01:36:02','2020-05-19 01:36:02'),(51,'delete_sub_categories','sub_categories','2020-05-19 01:36:02','2020-05-19 01:36:02'),(67,'browse_feedbacks','feedbacks','2020-05-20 23:20:28','2020-05-20 23:20:28'),(68,'read_feedbacks','feedbacks','2020-05-20 23:20:28','2020-05-20 23:20:28'),(69,'edit_feedbacks','feedbacks','2020-05-20 23:20:28','2020-05-20 23:20:28'),(70,'add_feedbacks','feedbacks','2020-05-20 23:20:28','2020-05-20 23:20:28'),(71,'delete_feedbacks','feedbacks','2020-05-20 23:20:28','2020-05-20 23:20:28'),(72,'browse_feedback','feedback','2020-05-20 23:25:23','2020-05-20 23:25:23'),(73,'read_feedback','feedback','2020-05-20 23:25:23','2020-05-20 23:25:23'),(74,'edit_feedback','feedback','2020-05-20 23:25:23','2020-05-20 23:25:23'),(75,'add_feedback','feedback','2020-05-20 23:25:23','2020-05-20 23:25:23'),(76,'delete_feedback','feedback','2020-05-20 23:25:23','2020-05-20 23:25:23'),(92,'browse_popular_products','popular_products','2020-05-21 00:32:59','2020-05-21 00:32:59'),(93,'read_popular_products','popular_products','2020-05-21 00:32:59','2020-05-21 00:32:59'),(94,'edit_popular_products','popular_products','2020-05-21 00:32:59','2020-05-21 00:32:59'),(95,'add_popular_products','popular_products','2020-05-21 00:32:59','2020-05-21 00:32:59'),(96,'delete_popular_products','popular_products','2020-05-21 00:32:59','2020-05-21 00:32:59'),(97,'browse_recommended_products','recommended_products','2020-05-21 00:42:50','2020-05-21 00:42:50'),(98,'read_recommended_products','recommended_products','2020-05-21 00:42:50','2020-05-21 00:42:50'),(99,'edit_recommended_products','recommended_products','2020-05-21 00:42:50','2020-05-21 00:42:50'),(100,'add_recommended_products','recommended_products','2020-05-21 00:42:50','2020-05-21 00:42:50'),(101,'delete_recommended_products','recommended_products','2020-05-21 00:42:50','2020-05-21 00:42:50'),(102,'browse_offers','offers','2020-05-21 00:48:18','2020-05-21 00:48:18'),(103,'read_offers','offers','2020-05-21 00:48:18','2020-05-21 00:48:18'),(104,'edit_offers','offers','2020-05-21 00:48:18','2020-05-21 00:48:18'),(105,'add_offers','offers','2020-05-21 00:48:18','2020-05-21 00:48:18'),(106,'delete_offers','offers','2020-05-21 00:48:18','2020-05-21 00:48:18'),(107,'browse_coupons','coupons','2020-05-22 00:51:08','2020-05-22 00:51:08'),(108,'read_coupons','coupons','2020-05-22 00:51:08','2020-05-22 00:51:08'),(109,'edit_coupons','coupons','2020-05-22 00:51:08','2020-05-22 00:51:08'),(110,'add_coupons','coupons','2020-05-22 00:51:08','2020-05-22 00:51:08'),(111,'delete_coupons','coupons','2020-05-22 00:51:08','2020-05-22 00:51:08'),(112,'browse_good_quality_products','good_quality_products','2020-05-22 06:23:45','2020-05-22 06:23:45'),(113,'read_good_quality_products','good_quality_products','2020-05-22 06:23:45','2020-05-22 06:23:45'),(114,'edit_good_quality_products','good_quality_products','2020-05-22 06:23:45','2020-05-22 06:23:45'),(115,'add_good_quality_products','good_quality_products','2020-05-22 06:23:45','2020-05-22 06:23:45'),(116,'delete_good_quality_products','good_quality_products','2020-05-22 06:23:45','2020-05-22 06:23:45'),(117,'browse_delivery_boy_positions','delivery_boy_positions','2020-05-22 12:32:08','2020-05-22 12:32:08'),(118,'read_delivery_boy_positions','delivery_boy_positions','2020-05-22 12:32:08','2020-05-22 12:32:08'),(119,'edit_delivery_boy_positions','delivery_boy_positions','2020-05-22 12:32:08','2020-05-22 12:32:08'),(120,'add_delivery_boy_positions','delivery_boy_positions','2020-05-22 12:32:08','2020-05-22 12:32:08'),(121,'delete_delivery_boy_positions','delivery_boy_positions','2020-05-22 12:32:08','2020-05-22 12:32:08'),(122,'browse_delivery_positions','delivery_positions','2020-05-25 22:59:46','2020-05-25 22:59:46'),(123,'read_delivery_positions','delivery_positions','2020-05-25 22:59:46','2020-05-25 22:59:46'),(124,'edit_delivery_positions','delivery_positions','2020-05-25 22:59:46','2020-05-25 22:59:46'),(125,'add_delivery_positions','delivery_positions','2020-05-25 22:59:46','2020-05-25 22:59:46'),(126,'delete_delivery_positions','delivery_positions','2020-05-25 22:59:46','2020-05-25 22:59:46'),(127,'browse_ordered_products','ordered_products','2020-05-26 02:11:06','2020-05-26 02:11:06'),(128,'read_ordered_products','ordered_products','2020-05-26 02:11:06','2020-05-26 02:11:06'),(129,'edit_ordered_products','ordered_products','2020-05-26 02:11:06','2020-05-26 02:11:06'),(130,'add_ordered_products','ordered_products','2020-05-26 02:11:06','2020-05-26 02:11:06'),(131,'delete_ordered_products','ordered_products','2020-05-26 02:11:06','2020-05-26 02:11:06'),(132,'browse_reports','reports','2020-08-16 18:30:00','2020-08-16 18:30:00'),(133,'browse_daily-report','daily-report','2020-08-16 18:30:00','2020-08-16 18:30:00');
/*!40000 ALTER TABLE `permissions` ENABLE KEYS */;
UNLOCK TABLES;

--
-- Table structure for table `popular_products`
--

DROP TABLE IF EXISTS `popular_products`;
/*!40101 SET @saved_cs_client     = @@character_set_client */;
/*!40101 SET character_set_client = utf8 */;
CREATE TABLE `popular_products` (
  `id` int(10) unsigned NOT NULL AUTO_INCREMENT,
  `product` int(11) DEFAULT NULL,
  `created_at` timestamp NULL DEFAULT NULL,
  `updated_at` timestamp NULL DEFAULT NULL,
  PRIMARY KEY (`id`)
) ENGINE=InnoDB AUTO_INCREMENT=16 DEFAULT CHARSET=utf8mb4 COLLATE=utf8mb4_unicode_ci;
/*!40101 SET character_set_client = @saved_cs_client */;

--
-- Dumping data for table `popular_products`
--

LOCK TABLES `popular_products` WRITE;
/*!40000 ALTER TABLE `popular_products` DISABLE KEYS */;
INSERT INTO `popular_products` VALUES (9,29,'2020-06-19 10:44:09','2020-06-19 10:44:09'),(10,32,'2020-06-19 10:44:26','2020-06-19 10:44:26'),(11,30,'2020-06-19 10:44:37','2020-06-19 10:44:37'),(12,31,'2020-06-19 10:44:48','2020-06-19 10:44:48'),(13,27,'2020-06-19 12:35:40','2020-06-19 12:35:40'),(14,28,'2020-06-19 12:35:48','2020-06-19 12:35:48'),(15,29,'2020-07-04 19:05:13','2020-07-04 19:05:13');
/*!40000 ALTER TABLE `popular_products` ENABLE KEYS */;
UNLOCK TABLES;

--
-- Table structure for table `products`
--

DROP TABLE IF EXISTS `products`;
/*!40101 SET @saved_cs_client     = @@character_set_client */;
/*!40101 SET character_set_client = utf8 */;
CREATE TABLE `products` (
  `id` int(10) unsigned NOT NULL AUTO_INCREMENT,
  `product` varchar(20) COLLATE utf8mb4_unicode_ci DEFAULT NULL,
  `created_at` timestamp NULL DEFAULT NULL,
  `updated_at` timestamp NULL DEFAULT NULL,
  `category` varchar(20) COLLATE utf8mb4_unicode_ci DEFAULT NULL,
  `sub_category` char(20) COLLATE utf8mb4_unicode_ci DEFAULT NULL,
  `company` varchar(20) COLLATE utf8mb4_unicode_ci NOT NULL,
  `price` int(10) unsigned DEFAULT NULL,
  `description` varchar(60) COLLATE utf8mb4_unicode_ci DEFAULT NULL,
  `image` varchar(255) COLLATE utf8mb4_unicode_ci DEFAULT NULL,
  `SKU` varchar(12) COLLATE utf8mb4_unicode_ci DEFAULT NULL,
  `stock` int(10) unsigned NOT NULL DEFAULT '0',
  `offer_price` int(10) unsigned NOT NULL DEFAULT '0',
  PRIMARY KEY (`id`)
) ENGINE=InnoDB AUTO_INCREMENT=169 DEFAULT CHARSET=utf8mb4 COLLATE=utf8mb4_unicode_ci;
/*!40101 SET character_set_client = @saved_cs_client */;

--
-- Dumping data for table `products`
--

LOCK TABLES `products` WRITE;
/*!40000 ALTER TABLE `products` DISABLE KEYS */;
INSERT INTO `products` VALUES (24,'AGARBATTI','2020-06-18 21:43:00','2020-06-18 23:07:34','21','62','MANGALADEEP',35,'PURE AGARBATTI WITH GOOD SMELL','products/June2020/JikiaICXc3kpQKzeyU6G.jpg','001',20,30),(25,'POOJA DOOP','2020-06-18 22:50:00','2020-06-18 23:05:29','21','62','MANGALADEEP',25,'BEST POOJA DOOP FOR DAILY POOJA','products/June2020/5dnnooeV8bfyfzXgrWKM.jpg','002',20,0),(26,'COTTON WICKS','2020-06-18 22:59:02','2020-06-18 22:59:02','21','62','DBJM CITY MART',20,'PURE COTTON WICKS FOR LIGHTENING LAMP . 1 PACKET','products/June2020/TitQ6mutCsVrEitvus0h.jpg','003',20,0),(27,'LONG COTTON WICKS','2020-06-18 23:00:11','2020-07-13 13:14:49','21','62','DBJM CITY MART',30,'PURE LONG  COTTON WICKS FOR LIGHTENING LAMP . 1 PACKET','products/June2020/FWtDv93iuCZTQtlsTSjM.jpg','004',30,0),(28,'KESAR COTTON WICKS','2020-06-18 23:02:54','2020-07-11 18:42:57','21','62','DBJM CITY MART',30,'KESAR COTTON WICKS FOR SPECIAL POOJA. 1 PACKET','products/June2020/5TIN1EaWYDRZfVwBrjTp.jpg','005',22,0),(29,'SAFFRON','2020-06-18 23:10:14','2020-07-06 19:32:11','21','62','DBJM CITY MART',200,'PURE KASHMIRI SAFFRON FOR POOJA. 1 BOX','products/June2020/BUxNAllacxTDahEgkFwM.jpg','006',15,0),(30,'TURMERIC POWDER','2020-06-18 23:11:13','2020-06-28 10:55:08','21','62','DBJM CITY MART',40,'PURE TURMERIC POWDER','products/June2020/pkCZXviCLOREJiBeSvv2.jpg','007',4,0),(31,'KUMKUMA','2020-06-18 23:12:00','2020-07-18 14:42:01','21','62','DBJM SITY MART',40,'PURE POOJA KUMKUMA.1 PACKET','products/June2020/dWUEEzSLGUBJFKpfzw6a.jpg','008',15,0),(32,'CAMPHOR','2020-06-18 23:13:00','2020-07-18 14:42:37','21','62','DBJM SITY MART',10,'1 PACKET.','products/June2020/vi754G7Uo2LSe3OBRI3b.jpg','009',18,0),(33,'EDITABLE CAMPHOR','2020-06-18 23:18:00','2020-07-18 14:43:15','21','62','DBJM SITY MART',25,'100 GMS BOX','products/June2020/xQRFy8BdfKINVbe5x8VB.jpg','0010',15,0),(34,'BADAMI MANGOES','2020-06-18 23:23:20','2020-07-19 10:33:13','15','16','DBJM CITY MART',100,'1 KG BOX','products/June2020/6wdQR2eG0VnMY0a77UUJ.jpg','0011',33,0),(35,'APPLE','2020-06-18 23:24:50','2020-07-07 10:03:01','15','16','DBJM CITY MART',120,'1 KG FRESH SHIMLA APPLES','products/June2020/O6GwrW08mve73wd088QE.jpg','0012',0,0),(36,'ORANGES','2020-06-18 23:26:15','2020-07-06 19:32:11','15','16','DBJM CITY MART',120,'1 KG FRESH ORANGES BOX','products/June2020/oHrfYhqACCX7kPHRy4B0.jpg','0013',23,0),(37,'POTATO','2020-06-19 09:21:39','2020-07-11 17:46:53','15','17','DBJM CITY MART',30,'FRESH POTATO. 1 KG PACK.','products/June2020/ucfmHe9VEPFjiaGF6Y4T.jpeg','0014',19,0),(38,'TOMATO','2020-06-19 09:22:34','2020-06-27 19:12:20','15','17','DBJM CITY MART',20,'1 KG PACK','products/June2020/K44AXoYtQrOrAHxlz5kW.jpg','0015',0,0),(39,'BEANS','2020-06-19 09:24:41','2020-07-06 19:08:34','15','17','DBJM CITY MART',50,'1 KG PACK','products/June2020/V2cmQwLwWfy65TbqUMxh.jpg','0016',18,0),(40,'CARROT','2020-06-19 09:28:13','2020-06-19 09:28:13','15','17','DBJM CITY MART',50,'1KG PACK','products/June2020/2k5vHnIKRyzbT6BViKVO.jpg','0017',20,0),(41,'COCONUT','2020-06-19 09:29:00','2020-07-18 14:38:03','15','17','DBJM SITY MART',25,'1 PIECE','products/June2020/3QRnpy40svSWM16DJTPj.png','0018',100,0),(42,'CABAGE','2020-06-19 10:14:00','2020-07-18 14:38:37','15','17','DBJM SITY MART',25,'1 KG PACK','products/June2020/h1qB72Q23pqaTdcUL2V7.jpg','0019',19,0),(43,'CAPSICUM','2020-06-19 10:42:00','2020-07-18 14:39:16','15','17','DBJM SITY MART',20,'1 KG PACK','products/June2020/da5h3nUltn10vtAR41eH.jpg','0020',50,0),(44,'FRESH CHEESE','2020-06-19 10:51:36','2020-06-19 10:51:36','16','19','AMUL',150,'1 KG PACK','products/June2020/jcY2gZvHbUFy6OwekOBi.jpg','0021',20,0),(45,'PURE GHEE','2020-06-19 10:53:00','2020-06-19 10:59:43','16','19','AMUL',400,'1 KG PACK','products/June2020/wvfiuoYMFUCUkaSwevbt.jpg','0022',22,0),(46,'MILK POWDER','2020-06-19 10:57:39','2020-06-19 10:57:39','16','19','NESTLE EVERYDAY',300,'1 KG PACK','products/June2020/5a23sPhUXeCf3lXiRliP.jpg','0023',20,0),(47,'MILK MAID','2020-06-19 11:00:00','2020-06-27 20:51:35','16','19','EVERYDAY',250,'1 KG PACK','products/June2020/6HRUSMyzLfe8wTRvpAgB.jpg','0024',17,0),(48,'BUN','2020-06-19 11:26:00','2020-07-18 14:40:08','16','21','DBJM SITY MART',15,'1 PIECE','products/June2020/SKOdttmKY5QxA1Lntqgc.jpg','0025',50,0),(49,'BURGER','2020-06-19 11:28:00','2020-07-18 14:40:52','16','21','DBJM SITY MART',50,'FRESH BURGER 1 PIECE','products/June2020/9xTLcFTLk4FVzwjpVnJd.jpg','0026',28,0),(50,'WHEAT FLOUR','2020-06-19 11:31:38','2020-07-10 22:41:15','17','22','ASHIRVAD',40,'1 KG PACK','products/June2020/fs5nRTCLxxzJusExtTPW.jpg','0027',37,0),(51,'CHAKKI ATTA','2020-06-19 11:34:40','2020-06-19 11:34:40','17','22','CHAKKI',50,'1KG PACKET','products/June2020/dsAgEqFjmptvIn8X3rPj.png','0028',40,0),(52,'MAIDA ATTA','2020-06-19 11:39:36','2020-06-19 11:39:36','17','22','DEEP',50,'1KG PACKET','products/June2020/4htt8re8jsV9iWqsxseu.webp','0029',20,0),(53,'SOOJI RAVA','2020-06-19 11:47:00','2020-06-19 11:47:33','17','22','PRO NATURE',25,'500 GMS','products/June2020/jZQIVNwm2VlpbalBcZcK.jpg','0030',30,0),(55,'TOOR DAL','2020-06-19 12:06:00','2020-07-18 14:37:16','17','23','DBJM SITY MART',110,'1 KG PACKET','products/June2020/yojGJoMBaMv4XYTy03mr.jpg','0032',11,95),(56,'CHANNA DAL','2020-06-19 12:08:00','2020-07-18 14:36:45','17','23','DBJM SITY MART',85,'1KG PACKET','products/June2020/ZQRpnCmYaUEVSdgL9Z10.jpg','0033',20,75),(57,'PALMOLIEN OIL','2020-06-19 12:13:55','2020-06-19 12:13:55','17','25','SUN FLOWER',95,'1 LITRE PACKET','products/June2020/PPKZVC1rWAw4F27p451m.jpg','0034',20,0),(58,'FORTUNE REFINED OIL','2020-06-19 12:15:48','2020-06-19 12:15:48','17','25','SUNPURE',100,'1 LITRE PACKET','products/June2020/t2zNYk63pn5S9Fo7YDpJ.jpg','0035',30,0),(59,'PALMOLIEN OIL','2020-06-19 12:17:00','2020-07-15 01:38:31','17','25','RUCHI GOLD',120,'1 LITRE PACKET','products/June2020/t1SlHu7Wy2p6D5nmrgNQ.webp','0035',30,99),(60,'ALMONDS','2020-06-19 12:19:00','2020-07-18 14:35:25','17','26','DBJM SITY MART',800,'1 KG PACK','products/June2020/8xTiWExFDW5PxP8ecdPd.jpg','0036',40,0),(61,'DRY FRUITS MIX','2020-06-19 12:24:00','2020-07-19 13:14:45','17','26','DBJM SITY MART',500,'1KG PACKET','products/June2020/YtBL80KcfNzI8GjBpngm.jpg','0037',0,0),(62,'SURF POWDER','2020-06-19 12:54:00','2020-06-28 10:55:08','21','54','SURF EXCEL',200,'SURF EXCEL EASY WASH','products/June2020/r00FDJoO9yPCGprN2i4Q.jpg','0038',15,175),(64,'MAAZA BOTTLE','2020-06-19 13:57:12','2020-07-03 20:09:03','19','41','MAAZA',50,'600 ML BOTTLE','products/June2020/bcYhosx616QrYqgeMNSD.jpg','0039',0,40),(65,'MIXED FRUIT JUICE','2020-06-19 13:59:35','2020-06-19 13:59:35','19','41','REAL FRUIT POWER',70,'1 LITRE PACKET','products/June2020/KUF62GvHTL8iHdRfcRRa.jpg','0040',20,60),(66,'BOOST','2020-06-19 14:13:56','2020-07-06 19:32:10','19','43','NESTLE BOOST',350,'1 KG PACK','products/June2020/cIqzQ2iOp76k17QN6ByL.jpg','0041',3,325),(67,'COFFEE POWDER','2020-06-19 17:07:27','2020-06-19 17:07:27','19','40','NESCAFE',250,'1 KG PACK','products/June2020/0yC7eAief98Vhz5pqo7e.jpg','0042',10,225),(68,'TEA POWDER','2020-06-19 17:09:00','2020-07-19 13:16:12','19','39','RED LABEL',240,'250 GMS','products/June2020/GPWUhxAjJSPOnSzLWnI7.jpg','0043',0,210),(69,'SHAMPOO','2020-06-19 17:11:48','2020-06-19 17:11:48','20','45','DOVE',100,'FREE ANTIDANDRUFF SHAMPOO 200 ML','products/June2020/5lpmf40CXYz90XdF85Av.jpg','0044',10,80),(70,'BODY SPRAY','2020-06-19 17:14:00','2020-07-19 13:17:37','20','45','AXE',200,'100 ML PIECE','products/June2020/nAip4S5lNB54nQEogYDs.jpg','0045',0,158),(76,'JAGGERY','2020-06-22 13:05:00','2020-07-19 12:22:48','17','22','DBJM SITY MART',65,'940 GRAM','products/July2020/25j3jIoQegIuuKU87pIS.jpg','DBJMJAGG',30,50),(77,'WHEAT','2020-06-22 13:07:00','2020-07-18 14:33:50','17','22','DBJM SITY MART',40,'FRESH WHEAT FROM DIRECT FARMERS 1 KG PACK','products/June2020/PErJK90498wz23bTxpq7.jpg','DBJMWHEAT',30,0),(78,'JOLA','2020-06-22 13:09:00','2020-07-18 14:26:51','17','22','DBJM SITY MART',70,'1 KG PACKET','products/June2020/XwFo0DL3Y1j3LXSdS0PP.jpg','DBJMJOLA',40,55),(79,'MOONG DAL','2020-06-22 16:17:00','2020-07-18 14:27:47','17','23','DBJM SITY MART',140,'1 KG PACKET','products/June2020/JwzW856lGiUaTdWVhsfl.jpg','DBJMMOONG',30,115),(80,'URAD DAL','2020-06-22 16:20:00','2020-07-18 14:28:33','17','23','DBJM SITY MART',140,'1 KG PACKET','products/June2020/xs7SqQvcwVQCjKKJjSBY.jpg','DBJMURAD',20,128),(81,'FRIED GRAM','2020-06-22 16:24:00','2020-07-18 14:30:42','17','23','DBJM SITY MART',90,'1 KG PACK','products/June2020/pkUhkNjWbrahdQCdGvML.png','DBJMFRI',20,79),(82,'PEANUTS','2020-06-22 16:26:00','2020-07-18 14:31:34','17','23','DBJM SITY MART',125,'1 KG PACK','products/June2020/wrPatE7qNMlpHijtEbMz.jpg','DBJMPEA',20,109),(83,'GREEN TEA','2020-06-22 16:29:00','2020-07-19 13:18:18','19','39','LIPTON',200,'165 GMS PACK','products/June2020/jCOCDoyXpVms9Jxx8let.jpg','DBJMTEA',0,0),(84,'CUMIN','2020-06-22 16:32:00','2020-07-18 14:32:13','17','27','DBJM SITY MART',40,'100 GMS PACK','products/June2020/UadUuSTzMOp8j8d8ezuQ.jpg','DBJMCUM',30,34),(85,'BOMBAY RAVA','2020-06-22 16:44:00','2020-07-18 14:32:55','17','68','DBJM SITY MART',60,'1KG PACKET','products/June2020/EjLgZVwEb5uycnxBbgZR.jpg','DBJMBOM',30,55),(86,'KESARI RAVA','2020-06-22 16:48:00','2020-07-19 13:16:45','17','68','DBJM CITY MART',65,'1KG PACKET','products/June2020/08XPcQgQ5OHEkBzxvdtc.jpg','DBJMKESAR',25,59),(87,'CASHEW','2020-06-22 16:50:00','2020-07-17 20:36:26','17','26','DBJM CITY MART',520,'500 GMS PACKET','products/July2020/GXiSROy9VobJid7gFhmI.jpg','DBJMCASH',30,400),(88,'Raisins','2020-06-22 16:57:00','2020-07-20 23:40:44','17','26','DBJM SITY MART',210,'500 GMS PACKET','products/June2020/VNq8jkFZGs5eCNbMwTQk.jpg','DBJMKIS',30,150),(89,'ASAFOETIDA','2020-06-22 20:27:15','2020-06-22 20:27:15','17','27','LG',80,'50 GMS PACK','products/June2020/WnrOy0V1wt1f64EUlfFZ.jpg','DBJMING',40,59),(90,'DALDA','2020-06-22 20:32:02','2020-06-22 20:32:02','17','27','VANASPATI',85,'1KG PACKET','products/June2020/J5IZFMJ3qdH1TBYXLyLj.jpg','DBJMDALDA',20,75),(91,'SALT','2020-06-22 20:58:26','2020-06-22 20:58:26','17','28','ASHIRVAD',15,'NATURAL SALT','products/June2020/b7XFWj5Vs00oVIl0Br09.jpg','DBJMSALT',50,12),(92,'SUGAR [M]','2020-06-22 20:59:00','2020-07-18 14:24:17','17','28','DBJM SITY MART',45,'1 KG PACKET','products/June2020/1jUh2SsmOBMS2EU1bRYm.jpg','DBJMSUG',25,42),(93,'PHENYL','2020-06-22 21:01:58','2020-06-22 21:01:58','21','56','HYCO',40,'1 LTR BOTTLE','products/June2020/BJsvruqO3CkcQ8UwUuzR.jpg','DBJMPHNL',10,35),(94,'TOOTH PASTE','2020-06-22 21:06:44','2020-06-22 21:06:44','21','46','COLAGTE',100,'BUY 1 GET 1 FREE','products/June2020/48U8rcQmNZccHSASbWp7.jpg','DBJMTOOTH',20,85),(95,'TOOTH PASTE','2020-06-22 21:09:29','2020-06-22 21:09:29','21','46','PEPSODENT',45,'200 GMS','products/June2020/KZvXWXZXrVStycw6vsWK.jpg','DBJMPEP',50,40),(96,'TOOTH PASTE','2020-06-22 21:15:34','2020-06-22 21:15:34',NULL,NULL,'VICO',55,'200 GMS PACKET','products/June2020/jSnpF53Or8AmeXYhu5cS.jpg','DBJMVICO',40,0),(97,'SONA MASOORI RICE','2020-06-22 23:14:00','2020-07-18 14:25:37','17','24','DBJM SITY MART',1250,'SMALL AND CLEAN SONA MASOORI RICE 25 KG PACK','products/June2020/vuKIz3zjF3PqixVRztOf.jpg','DBJMSONA',40,999),(98,'JEERA RICE','2020-06-22 23:20:00','2020-07-18 14:19:38','17','24','DBJM SITY MART',65,'1 KG','products/June2020/4jrJkMfdmLYv0nZNXPEt.jpg','DBJMBAS',30,55),(100,'Cloves','2020-06-22 23:27:00','2020-07-20 23:39:38','17','27','DBJM SITY MART',50,'1 KG PACK','products/June2020/d1Xq4YBN037H9kXKVRIT.png','DBJMLAV',30,40),(101,'Cardamom','2020-06-22 23:31:00','2020-07-20 23:38:23','17','27','DBJM SITY MART',25,'10 GMS PACKET','products/July2020/XwIaJUUgDbqxwtFSzydD.jpg','DBJMILA',40,20),(102,'PEPPER','2020-06-22 23:33:00','2020-07-18 14:18:28','17','27','DBJM SITY MART',55,'100 GMS PACKET','products/June2020/KbbcFKiHKOuO8RSD6ujc.jpg','DBJMPEP',40,54),(103,'SANITIZER','2020-06-23 12:46:49','2020-06-24 08:19:55','20','48','MEDIKER',25,'100 GMS BOTTLE`','products/June2020/lVr9h9OoYGuKjNSE2YFv.jpg','DBJMSANI',8,23),(104,'PURE SANITIZER','2020-06-23 12:48:00','2020-06-23 12:50:31','20','48','DETTOL',30,'100 GMS PURE SANITIZER FOR WASHING HANDS','products/June2020/8YMdrur2RwUmooeiSk7i.jpg','DBJMSANI',50,26),(105,'COCONUT OIL','2020-06-23 12:59:00','2020-06-24 08:19:55','20','45','CHILTAN',50,'PURE AND NATURAL EXTRACTED COCONUT OIL','products/June2020/5rXj8Hyal3BMpdPypez7.png','DBJMCOCO',13,47),(106,'PURE COCONUT OIL','2020-06-23 13:06:00','2020-07-18 14:22:30','20','45','DBJM SITY MART',60,'200 GMS BOTTLE','products/June2020/blsD1hnPiuKaEZVNQj79.jpg','DBJMCOCO',50,50),(107,'SOAP','2020-06-23 13:12:07','2020-06-23 13:12:07','20','47','SANTOOR',35,'1 PIECE','products/June2020/UAmnRtVkmz0Cn5ujHN3D.jpg','DBJMSANT',10,33),(108,'LIRIL SOAP','2020-06-23 13:14:13','2020-06-24 06:08:15','20','47','LIRIL',37,'FRESH SOAP','products/June2020/W6P3OJmbcS4l04tPBpBX.jpg','DBJMLIRIL',19,34),(109,'DOVE SOAP','2020-06-23 13:19:13','2020-06-23 13:19:13','20','47','DOVE',40,'PURE NATURAL SOAP','products/June2020/tf4c1UxPfnzGcbbaFY0S.jpg','DBJMDOVE',50,37),(110,'PEARS SOAP','2020-06-23 13:22:10','2020-06-24 06:08:15','20','47','PEARS',36,'GLYCIRINE & NATURAL OILS','products/June2020/LwtX6ZJjbVsQe7ToRH8S.jpg','DBJMPEARS',48,34),(111,'GINGER GARLIC PASTE','2020-06-23 17:33:05','2020-06-23 17:33:05','17','27','EASTERN',50,'250 GMS FRESH PASTE','products/June2020/JK0gl9xqgFD4nYiONuLp.webp','DBJMGAR',20,48),(112,'GINGER','2020-06-23 17:35:00','2020-07-18 14:12:31','17','27','DBJM SITY MART',30,'100 GMS PACK','products/June2020/xaTx9gi3iW5AoTIDORAq.jpg','DBJMGING',30,25),(113,'RASAM POWDER','2020-06-23 17:40:00','2020-07-18 14:11:57','17','27','DBJM SITY MART',50,'200 GMS PACKET','products/June2020/jdiSjsk8xmNf62gKEANe.jpg','DBJMRASAM',30,47),(114,'MAIDA ATTA','2020-06-23 17:48:30','2020-06-23 17:48:30','17','22','SILVER COIN',35,'1 KG PACKET','products/June2020/83dbH8GSExtGqBCZMkNX.jpg','DBJMMAIDA',30,0),(115,'Ajwain','2020-06-23 17:51:00','2020-07-20 23:31:21','17','27','DBJM SITY MART',40,'100 GMS','products/June2020/Ame6JR8QaFbdDaWOpepy.jpg','DBJMAJA',25,34),(116,'Dry Dates','2020-06-23 18:03:00','2020-07-20 23:30:20','17','26','DBJM SITY MART',75,'250 GMS PACKET','products/June2020/YxDPU3Zx3XbHUhPNtnX1.webp','DBJMKHAJU',40,70),(117,'RED CHILLI POWDER','2020-06-23 18:52:00','2020-07-18 22:27:30','17','27','DBJM SITY MART',290,'FRESH GUNTUR RED CHILLI  1 KG PACKET','products/July2020/Lekz9AU6N3QRtWtbkqyV.jpg','DBJMCHILLI',10,270),(118,'MAGGI','2020-06-23 19:48:25','2020-06-23 19:48:25','17','27','MAGGI',40,'500 GMS PACK','products/June2020/rSITTaECWPVXMzMcSKzG.jpg','DBJMMAGGI',40,0),(119,'WHEEL POWDER','2020-06-23 19:50:50','2020-06-23 19:50:50','21','54','WHEEL',50,'500 GMS PACK','products/June2020/tlvKstqb7ND6Z8Zimsfg.jpg','DBJMWHEEL',20,0),(120,'PULIHOGRE POWDER','2020-06-23 19:52:41','2020-06-23 19:52:41','17','27','MTR',50,'FRESH AND SPICY PULIHOGRE POWDER','products/June2020/WbMSrlXPNZYQun50Rejo.jpg','DBJMPULI',22,46),(121,'PAPAD','2020-06-23 19:56:00','2020-07-18 14:05:41','18','27','DBJM SITY MART',30,'1 KG PACK','products/June2020/ZaUuGEZXMEXTOmcpd1WT.jpg','DBJMPAPAD',30,0),(122,'SHAMPOO','2020-06-23 20:00:20','2020-06-23 20:00:20','20','45','HEAD & SHOULDER',30,'1 KG PACK','products/June2020/rypXhQR2Npe7Ov34ZTK5.jpg','DBJMSHAM',30,37),(123,'LIZOL DISINFECTANT','2020-06-28 17:32:56','2020-06-28 17:32:56','21','56','LIZOL',250,'1 LITRE BOTTLE','products/June2020/bXkqwrbhFWHPG7FiiGGc.jpeg','DBJMLIZ',20,0),(124,'RANGOLI POWDER','2020-07-03 09:46:00','2020-07-18 14:07:41','21','15','DBJM SITY MART',20,'1 KG PACK','products/July2020/GFgfYOlmP6C1j0pLc3tg.jpg','DBJMRANG',10,17),(125,'APPLE','2020-07-04 19:03:00','2020-07-18 14:06:58','15','16','DBJM SITY MART',100,'1 KG PACKET','products/July2020/qHtZILC3zFgD238j326M.jpg','DBJMAPP',29,95),(127,'Cinnamon','2020-07-04 19:35:00','2020-07-20 23:29:00','17','27','DBJM SITY MART',25,'50 GMS PACKET','products/July2020/93s3XKtBDhADeF5qJWyJ.jpeg','DBJMDAL',20,20),(128,'PURE COCONUT OIL','2020-07-04 19:41:00','2020-07-18 14:04:11','20','45','DBJM SITY MART',50,'200 ML BOTTLE','products/July2020/ZPFGUEJTBQmJGK02L22v.jpg','DBJMCOCO',10,0),(129,'MENTHE','2020-07-10 17:29:00','2020-07-15 00:01:02','17','27','DBJM SITY MART',30,'100 GMS PACK','products/July2020/wwgXvivCDXQ5vBVtFC9L.jpg','DBJMMENTHE',20,20),(130,'SHUNTI','2020-07-10 17:32:00','2020-07-18 22:43:57','17','27','DBJM SITY MART',40,'100 GMS PACKET','products/July2020/DeTfV5LaQuNNJj6vxGwk.jpg','DBJMSHUNTI',40,25),(131,'SODA POWDER','2020-07-10 17:38:00','2020-07-15 00:44:48','17','27','DBJM SITY MART',15,'100 GMS PACK','products/July2020/Ubk719vojLxUSAs4dh2R.jpg','DBJMSODA',30,10),(132,'GURELLU','2020-07-10 17:45:00','2020-07-15 00:43:10','17','27','DBJM SITY MART',35,'250 GMS PACK','products/July2020/7l5WG0zluBYLoIop2D0y.jpg','DBJMGURR',30,30),(133,'TERMARIND','2020-07-10 17:50:00','2020-07-15 00:04:53','17','27','DBJM SITY MART',55,'250 Gram','products/July2020/W1QoDNNujkqjVoFGoo0n.webp','DBJMTERMA',44,0),(134,'JAji kayi','2020-07-10 17:53:00','2020-07-17 22:00:17','17','27','DBJM SITY MART',6,'100 GMS BOX','products/July2020/Ai4NjbKSxNnjwbPym9pc.jpg','DBJMJAKAI',30,5),(135,'RASAM POWDER','2020-07-10 18:04:12','2020-07-10 18:04:12','17','27','MTR',50,'200 GMS PACK','products/July2020/NghvoFg2G8smIsKj2IUy.jpg','DBJMRASAM',50,45),(136,'PULAO POWDER','2020-07-10 18:09:03','2020-07-10 18:09:03','17','27','MTR',60,'500 GMS PACK','products/July2020/bVCY0p13n1PBTuv6Hlz7.jpg','DBJMPULAO',35,0),(137,'PULIOAGRE POWDER','2020-07-10 18:12:39','2020-07-10 18:12:39','17','27','MTR',60,'500 GMS PACK','products/July2020/lnvgssNOLa9op3hu2dzC.jpg','DBJMPULI',50,0),(138,'SAMBAR POWDER','2020-07-10 18:15:23','2020-07-10 18:15:23','17','27','DBJM SITY MART',40,'500 GMS','products/July2020/QadsZDgtt9Kfq6iTmqlR.jpg','DBJMSAMBA',20,0),(139,'LUX SOAP','2020-07-10 18:20:05','2020-07-10 18:20:05','20','47','LUX',35,'1 PIECE','products/July2020/emXWBILOjGjSIMBzkcVK.jpg','DBJMLUX',30,30),(140,'MYSORE SANDAL SOAP','2020-07-10 18:22:00','2020-07-10 18:22:40','20','47','MYSORE SANDAL',38,'1 PIECE','products/July2020/NU5TOxfHP3DOiFEH3NXO.jpg','DBJMMYSO',50,35),(141,'VIM SOAP','2020-07-10 18:25:33','2020-07-10 18:25:33','21','54','VIM',20,'100 GMS PIECE','products/July2020/vlgVC5oh4KGH34reBeG2.jpg','DBJMVIM',10,0),(142,'SURF POWDER','2020-07-10 18:54:05','2020-07-10 18:54:05','21','54','SURF EXCEL',35,'200 GMS PACK','products/July2020/sdL7vwR3nwGU8V227yyz.jpg','DBJMSURF',20,0),(143,'SABUDANA','2020-07-10 18:56:28','2020-07-10 18:56:28','17','23','DBJM SITY MART',50,'1 KG PACK','products/July2020/O6HQ51aqnxgbF6MGPYfz.webp','DBJMSABU',50,0),(144,'MADIKE KAALU','2020-07-10 19:00:25','2020-07-10 19:00:25','17','23','DBJM SITY MART',60,'1 KG PACK','products/July2020/Vlv6TAGqhG7jSmwiTyFY.jpg','DBJMMADIKE',50,0),(145,'GREEN PEAS','2020-07-10 19:04:00','2020-07-14 23:59:28','17','23','DBJM SITY MART',180,'1 KG PACKET','products/July2020/Fxfec4atixQ8nTlQy1xW.jpg','DBJMGREEN',50,170),(146,'AVALAKKI','2020-07-10 19:07:00','2020-07-15 00:05:38','18','20','DBJM SITY MART',58,'1 KG PACKET','products/July2020/EEbVrWdDW1J68absbi9u.jpg','DBJMAVAL',20,42),(147,'KHUS KHUS','2020-07-14 12:38:00','2020-07-17 21:56:53','17','27','DBJM SITY MART',30,'10 GMS PACKET','products/July2020/5WJsmpFMAROIudvJpi42.jpg',NULL,50,25),(148,'Fennel Seeds','2020-07-17 20:47:00','2020-07-20 23:46:07','17','27','DBJM SITY MART',50,'250 Gram','products/July2020/BAqDoVn0P7eMH0LX0p78.jpg',NULL,50,40),(149,'SAJEERIGI','2020-07-17 20:59:00','2020-07-17 21:50:13','18','27','DBJM SITY MART',70,'100 GRAM','products/July2020/8oGo9rwEh1LSjYcnY8lQ.png',NULL,50,68),(150,'TERMARIC','2020-07-17 21:06:00','2020-07-17 21:49:07','18','27','DBJM SITY MART',50,'250 GMS PACK','products/July2020/neZvyv6dyQXV9JSfTtmd.jpg',NULL,100,45),(151,'JOWAR POPS','2020-07-17 21:10:00','2020-07-18 22:19:30','18','31','DBJM SITY MART',50,'500 GMS PACKET','products/July2020/LK368Ej89yUjyoIyc6Uw.jpg',NULL,50,45),(152,'ADAKI BETTA','2020-07-17 21:17:00','2020-07-18 14:01:47','19','62','DBJM SITY MART',3,'1 PIECE','products/July2020/5OwwKWxzJJv0JYw6NbpK.png',NULL,1000,2),(153,'SOYAME','2020-07-17 21:20:00','2020-07-17 21:47:22','18','23','DBJM SITY MART',30,'250 Gram','products/July2020/roa6xr1p9bOXG8FjVSLz.jpg',NULL,100,25),(154,'ANTU','2020-07-17 21:27:46','2020-07-17 21:27:46','17','26','DBJM SITY MART',30,'100 GMS PACK','products/July2020/50Znqpoj2DjkrrHZH03Q.jpg',NULL,50,25),(155,'GREEN GRAM','2020-07-17 21:31:00','2020-07-18 22:44:49','17','31','DBJM SITY MART',125,'1 KG PACKET','products/July2020/KuAjVpYwweMyzXDrOGy0.jpeg',NULL,50,109),(156,'KADLI KALU','2020-07-17 21:35:01','2020-07-17 21:35:01','17','31','DBJM SITY MART',110,'1 KG','products/July2020/tmq78lv5ABUh095Nor16.jpg',NULL,25,99),(157,'WHITE SESAM','2020-07-17 21:38:53','2020-07-17 21:38:53','17','27','DBJM SITY MART',35,'100 GMS PACK','products/July2020/Zehp9WWm2wwEWBQpeH3H.jpeg',NULL,100,30),(158,'BLACK SESAM','2020-07-17 21:42:43','2020-07-17 21:42:43','18','27','DBJM SITY MART',35,'100 GMS PACK','products/July2020/bnLPMZhE76LtWyG6Wdav.webp',NULL,50,30),(159,'KER BEEJA','2020-07-17 21:46:41','2020-07-17 21:46:41','15','26','DBJM SITY MART',80,'100 GMS PACK','products/July2020/fGB6NQFOC6dhe0kOMuX1.jpg',NULL,50,70),(160,'RAGI  FLOUR','2020-07-18 22:43:00','2020-07-19 13:08:24','17','22','DBJM SITY MART',60,'1 KG PACK','products/July2020/bnyn5vvwEqDwBIFQjfYh.jpg',NULL,25,50),(161,'BASMATI','2020-07-18 22:53:00','2020-07-19 13:07:41','17','24','DBJM SITY MART',95,'1 KG','products/July2020/a5KrCkvrAnoPdyUqG3lZ.jpeg',NULL,25,85),(162,'TEA POWDER','2020-07-19 12:54:00','2020-07-19 13:07:09','16','39','DBJM SITY MART',160,'500 GMS','products/July2020/dpgdOcBpMZZuZxdoZ93D.jpeg',NULL,50,140),(163,'DRIED COCONUT','2020-07-19 13:05:00','2020-07-19 13:06:38','18','26','DBJM SITY MART',150,'1 KG PACK','products/July2020/VSASxd4llX0oYyBj2QdR.jpg',NULL,25,140),(165,'Dates','2020-07-20 23:52:01','2020-07-20 23:52:01','15','26','DBJM SITY MART',80,'500 GMS','products/July2020/2z2TOYN3z4GBjui8IU0S.png',NULL,50,70),(166,'Fennel Seeds','2020-07-20 23:59:59','2020-07-20 23:59:59','18','27','DBJM SITY MART',45,'250 Gram','products/July2020/lIG7bh0gpGw3kko3cNEi.jpg',NULL,50,40),(167,'Coriander Seeds','2020-07-21 00:03:00','2020-07-22 21:52:17','18','27','DBJM SITY MART',50,'100 GMS PACK','products/July2020/K7SEkuFePeaCHTAEY07K.jpg',NULL,50,40),(168,'Salt','2020-07-21 22:04:00','2020-07-21 22:04:00','18','28','VKS',18,'1 KG PACKET','products/July2020/hmwP2btThYLBuR16K7uf.jpg',NULL,25,0);
/*!40000 ALTER TABLE `products` ENABLE KEYS */;
UNLOCK TABLES;

--
-- Table structure for table `recommended_products`
--

DROP TABLE IF EXISTS `recommended_products`;
/*!40101 SET @saved_cs_client     = @@character_set_client */;
/*!40101 SET character_set_client = utf8 */;
CREATE TABLE `recommended_products` (
  `id` int(10) unsigned NOT NULL AUTO_INCREMENT,
  `product` int(11) DEFAULT NULL,
  `created_at` timestamp NULL DEFAULT NULL,
  `updated_at` timestamp NULL DEFAULT NULL,
  PRIMARY KEY (`id`)
) ENGINE=InnoDB AUTO_INCREMENT=22 DEFAULT CHARSET=utf8mb4 COLLATE=utf8mb4_unicode_ci;
/*!40101 SET character_set_client = @saved_cs_client */;

--
-- Dumping data for table `recommended_products`
--

LOCK TABLES `recommended_products` WRITE;
/*!40000 ALTER TABLE `recommended_products` DISABLE KEYS */;
INSERT INTO `recommended_products` VALUES (14,38,'2020-06-19 10:47:30','2020-06-19 10:47:30'),(15,39,'2020-06-19 10:47:40','2020-06-19 10:47:40'),(17,46,'2020-06-19 17:18:21','2020-06-19 17:18:21'),(18,53,'2020-06-19 17:18:35','2020-06-19 17:18:35'),(20,48,'2020-06-19 17:20:31','2020-06-19 17:20:31'),(21,34,'2020-07-04 19:06:06','2020-07-04 19:06:06');
/*!40000 ALTER TABLE `recommended_products` ENABLE KEYS */;
UNLOCK TABLES;

--
-- Table structure for table `roles`
--

DROP TABLE IF EXISTS `roles`;
/*!40101 SET @saved_cs_client     = @@character_set_client */;
/*!40101 SET character_set_client = utf8 */;
CREATE TABLE `roles` (
  `id` bigint(20) unsigned NOT NULL AUTO_INCREMENT,
  `name` varchar(255) COLLATE utf8mb4_unicode_ci NOT NULL,
  `display_name` varchar(255) COLLATE utf8mb4_unicode_ci NOT NULL,
  `created_at` timestamp NULL DEFAULT NULL,
  `updated_at` timestamp NULL DEFAULT NULL,
  PRIMARY KEY (`id`),
  UNIQUE KEY `roles_name_unique` (`name`)
) ENGINE=InnoDB AUTO_INCREMENT=5 DEFAULT CHARSET=utf8mb4 COLLATE=utf8mb4_unicode_ci;
/*!40101 SET character_set_client = @saved_cs_client */;

--
-- Dumping data for table `roles`
--

LOCK TABLES `roles` WRITE;
/*!40000 ALTER TABLE `roles` DISABLE KEYS */;
INSERT INTO `roles` VALUES (1,'admin','Administrator','2020-05-17 02:08:14','2020-05-17 02:08:14'),(2,'delivery_boy','Delivery Boy','2020-05-17 02:08:14','2020-05-17 02:25:21'),(3,'customer','Customer','2020-05-17 02:25:04','2020-05-17 02:25:04'),(4,'Partner','Partners','2020-08-16 19:27:10','2020-08-16 19:27:10');
/*!40000 ALTER TABLE `roles` ENABLE KEYS */;
UNLOCK TABLES;

--
-- Table structure for table `settings`
--

DROP TABLE IF EXISTS `settings`;
/*!40101 SET @saved_cs_client     = @@character_set_client */;
/*!40101 SET character_set_client = utf8 */;
CREATE TABLE `settings` (
  `id` int(10) unsigned NOT NULL AUTO_INCREMENT,
  `key` varchar(255) COLLATE utf8mb4_unicode_ci NOT NULL,
  `display_name` varchar(255) COLLATE utf8mb4_unicode_ci NOT NULL,
  `value` text COLLATE utf8mb4_unicode_ci,
  `details` text COLLATE utf8mb4_unicode_ci,
  `type` varchar(255) COLLATE utf8mb4_unicode_ci NOT NULL,
  `order` int(11) NOT NULL DEFAULT '1',
  `group` varchar(255) COLLATE utf8mb4_unicode_ci DEFAULT NULL,
  PRIMARY KEY (`id`),
  UNIQUE KEY `settings_key_unique` (`key`)
) ENGINE=InnoDB AUTO_INCREMENT=10 DEFAULT CHARSET=utf8mb4 COLLATE=utf8mb4_unicode_ci;
/*!40101 SET character_set_client = @saved_cs_client */;

--
-- Dumping data for table `settings`
--

LOCK TABLES `settings` WRITE;
/*!40000 ALTER TABLE `settings` DISABLE KEYS */;
INSERT INTO `settings` VALUES (1,'site.title','Site Title','Admin Panel','','text',1,'Site'),(2,'site.description','Site Description','Developed by Dtech','','text',2,'Site'),(3,'site.logo','Site Logo','settings/June2020/8HxxMs1WMwlkbr98kfQT.jpg','','image',3,'Site'),(4,'site.google_analytics_tracking_id','Google Analytics Tracking ID',NULL,'','text',4,'Site'),(5,'admin.bg_image','Admin Background Image','settings/June2020/MAw5enottEaf1ls0hOkb.jpg','','image',5,'Admin'),(6,'admin.title','Admin Title','Admin Panel','','text',1,'Admin'),(7,'admin.description','Admin Description','Developed by Dwaipayana Technologies','','text',2,'Admin'),(8,'admin.loader','Admin Loader','settings/June2020/LgpDMHPvksBl6s9jzrH6.jpg','','image',3,'Admin'),(9,'admin.icon_image','Admin Icon Image','settings/June2020/8TuoaUsbObsctdUMMveU.jpg','','image',4,'Admin');
/*!40000 ALTER TABLE `settings` ENABLE KEYS */;
UNLOCK TABLES;

--
-- Table structure for table `sub_categories`
--

DROP TABLE IF EXISTS `sub_categories`;
/*!40101 SET @saved_cs_client     = @@character_set_client */;
/*!40101 SET character_set_client = utf8 */;
CREATE TABLE `sub_categories` (
  `id` int(10) unsigned NOT NULL AUTO_INCREMENT,
  `category` varchar(20) COLLATE utf8mb4_unicode_ci NOT NULL,
  `sub_category` varchar(20) COLLATE utf8mb4_unicode_ci NOT NULL,
  `created_at` timestamp NULL DEFAULT NULL,
  `updated_at` timestamp NULL DEFAULT NULL,
  PRIMARY KEY (`id`)
) ENGINE=InnoDB AUTO_INCREMENT=70 DEFAULT CHARSET=utf8mb4 COLLATE=utf8mb4_unicode_ci;
/*!40101 SET character_set_client = @saved_cs_client */;

--
-- Dumping data for table `sub_categories`
--

LOCK TABLES `sub_categories` WRITE;
/*!40000 ALTER TABLE `sub_categories` DISABLE KEYS */;
INSERT INTO `sub_categories` VALUES (14,'14','TURMERIC POWDER','2020-06-15 09:44:00','2020-06-18 20:08:11'),(15,'14','Daily Pooja Needs','2020-06-15 19:50:45','2020-06-15 19:50:45'),(16,'15','FRESH FRUITS','2020-06-18 20:08:38','2020-06-18 20:08:38'),(17,'15','FRESH VEGETABLES','2020-06-18 20:09:55','2020-06-18 20:09:55'),(18,'15','HERBS & SEASONINGS','2020-06-18 20:10:21','2020-06-18 20:10:21'),(19,'16','DAIRY','2020-06-18 20:10:36','2020-06-18 20:10:36'),(20,'16','TOAST & KHARI','2020-06-18 20:10:59','2020-06-18 20:10:59'),(21,'16','BREADS & BUNS','2020-06-18 20:11:00','2020-06-18 20:12:32'),(22,'17','ATTA & FLOURS','2020-06-18 20:14:08','2020-06-18 20:14:08'),(23,'17','DALS & PULSES','2020-06-18 20:14:27','2020-06-18 20:14:27'),(24,'17','RICE & RICE PRODUCTS','2020-06-18 20:14:47','2020-06-18 20:14:47'),(25,'17','EDIBLE OILS','2020-06-18 20:15:03','2020-06-18 20:15:03'),(26,'17','DRY FRUITS','2020-06-18 20:15:20','2020-06-18 20:15:20'),(27,'17','MASALAS & SPICES','2020-06-18 20:15:58','2020-06-18 20:15:58'),(28,'17','SALTS & SUGARS','2020-06-18 20:16:16','2020-06-18 20:16:16'),(29,'17','SOYA PRODUCTS','2020-06-18 20:16:36','2020-06-18 20:16:36'),(30,'17','WHEAT','2020-06-18 20:16:51','2020-06-18 20:16:51'),(31,'17','GRAINS','2020-06-18 20:17:09','2020-06-18 20:17:09'),(32,'18','BISCUITS','2020-06-18 20:17:36','2020-06-18 20:17:36'),(33,'18','COOKIES','2020-06-18 20:17:51','2020-06-18 20:17:51'),(34,'18','NOODLES','2020-06-18 20:18:23','2020-06-18 20:18:23'),(35,'18','BREAKFAST  CEREALS','2020-06-18 20:19:17','2020-06-18 20:19:17'),(36,'18','CHOCLATES','2020-06-18 20:19:44','2020-06-18 20:19:44'),(37,'18','INDIAN SWEETS','2020-06-18 20:21:19','2020-06-18 20:21:19'),(38,'18','PICKLES','2020-06-18 20:21:43','2020-06-18 20:21:43'),(39,'19','TEA','2020-06-18 20:22:10','2020-06-18 20:22:10'),(40,'19','COFFEE','2020-06-18 21:01:10','2020-06-18 21:01:10'),(41,'19','FRUIT JUICES','2020-06-18 21:01:25','2020-06-18 21:01:25'),(42,'19','SOFT DRINKS','2020-06-18 21:01:57','2020-06-18 21:01:57'),(43,'19','HEALTH DRINKS','2020-06-18 21:02:16','2020-06-18 21:02:16'),(44,'19','WATER','2020-06-18 21:02:27','2020-06-18 21:02:27'),(45,'20','HAIR CARE','2020-06-18 21:02:51','2020-06-18 21:02:51'),(46,'20','ORAL CARE','2020-06-18 21:03:04','2020-06-18 21:03:04'),(47,'20','SKIN CARE','2020-06-18 21:03:21','2020-06-18 21:03:21'),(48,'20','BATH & HAND WASH','2020-06-18 21:03:40','2020-06-18 21:03:40'),(49,'20','BODY WASH','2020-06-18 21:04:01','2020-06-18 21:04:01'),(50,'20','FEMININE HYGIENE','2020-06-18 21:04:35','2020-06-18 21:04:35'),(51,'20','MEN\'S GROOMING','2020-06-18 21:04:53','2020-06-18 21:04:53'),(52,'20','DEO & FRAGNANCES','2020-06-18 21:05:39','2020-06-18 21:05:39'),(53,'20','HEALTH & WELLNESS','2020-06-18 21:06:02','2020-06-18 21:06:02'),(54,'21','DETERGENTS','2020-06-18 21:08:14','2020-06-18 21:08:14'),(55,'21','DISH WASH','2020-06-18 21:08:26','2020-06-18 21:08:26'),(56,'21','CLEANERS','2020-06-18 21:08:48','2020-06-18 21:08:48'),(57,'21','FRESHENERS','2020-06-18 21:09:09','2020-06-18 21:09:09'),(58,'21','MOPS &  BRUSHES','2020-06-18 21:09:37','2020-06-18 21:09:37'),(59,'21','SCRUBS','2020-06-18 21:13:13','2020-06-18 21:13:13'),(60,'21','ELECTRICAL','2020-06-18 21:14:29','2020-06-18 21:14:29'),(61,'21','DISPOSABLES','2020-06-18 21:14:51','2020-06-18 21:14:51'),(62,'21','POOJA NEEDS','2020-06-18 21:15:23','2020-06-18 21:15:23'),(63,'21','SHOE CARE','2020-06-18 21:15:40','2020-06-18 21:15:40'),(64,'21','BATHROOM NEEDS','2020-06-18 21:16:24','2020-06-18 21:16:24'),(65,'21','STATIONARY','2020-06-18 21:16:44','2020-06-18 21:16:44'),(66,'22','BABY HYGIENE','2020-06-18 21:21:12','2020-06-18 21:21:12'),(67,'22','DIAPERS & WIPES','2020-06-18 21:21:39','2020-06-18 21:21:39'),(68,'17','SOOJI','2020-06-22 16:42:57','2020-06-22 16:42:57'),(69,'23','testing 123','2020-07-03 11:09:33','2020-07-03 11:09:33');
/*!40000 ALTER TABLE `sub_categories` ENABLE KEYS */;
UNLOCK TABLES;

--
-- Table structure for table `translations`
--

DROP TABLE IF EXISTS `translations`;
/*!40101 SET @saved_cs_client     = @@character_set_client */;
/*!40101 SET character_set_client = utf8 */;
CREATE TABLE `translations` (
  `id` int(10) unsigned NOT NULL AUTO_INCREMENT,
  `table_name` varchar(255) COLLATE utf8mb4_unicode_ci NOT NULL,
  `column_name` varchar(255) COLLATE utf8mb4_unicode_ci NOT NULL,
  `foreign_key` int(10) unsigned NOT NULL,
  `locale` varchar(255) COLLATE utf8mb4_unicode_ci NOT NULL,
  `value` text COLLATE utf8mb4_unicode_ci NOT NULL,
  `created_at` timestamp NULL DEFAULT NULL,
  `updated_at` timestamp NULL DEFAULT NULL,
  PRIMARY KEY (`id`),
  UNIQUE KEY `translations_table_name_column_name_foreign_key_locale_unique` (`table_name`,`column_name`,`foreign_key`,`locale`)
) ENGINE=InnoDB DEFAULT CHARSET=utf8mb4 COLLATE=utf8mb4_unicode_ci;
/*!40101 SET character_set_client = @saved_cs_client */;

--
-- Dumping data for table `translations`
--

LOCK TABLES `translations` WRITE;
/*!40000 ALTER TABLE `translations` DISABLE KEYS */;
/*!40000 ALTER TABLE `translations` ENABLE KEYS */;
UNLOCK TABLES;

--
-- Table structure for table `user_roles`
--

DROP TABLE IF EXISTS `user_roles`;
/*!40101 SET @saved_cs_client     = @@character_set_client */;
/*!40101 SET character_set_client = utf8 */;
CREATE TABLE `user_roles` (
  `user_id` bigint(20) unsigned NOT NULL,
  `role_id` bigint(20) unsigned NOT NULL,
  PRIMARY KEY (`user_id`,`role_id`),
  KEY `user_roles_user_id_index` (`user_id`),
  KEY `user_roles_role_id_index` (`role_id`),
  CONSTRAINT `user_roles_role_id_foreign` FOREIGN KEY (`role_id`) REFERENCES `roles` (`id`) ON DELETE CASCADE,
  CONSTRAINT `user_roles_user_id_foreign` FOREIGN KEY (`user_id`) REFERENCES `users` (`id`) ON DELETE CASCADE
) ENGINE=InnoDB DEFAULT CHARSET=utf8mb4 COLLATE=utf8mb4_unicode_ci;
/*!40101 SET character_set_client = @saved_cs_client */;

--
-- Dumping data for table `user_roles`
--

LOCK TABLES `user_roles` WRITE;
/*!40000 ALTER TABLE `user_roles` DISABLE KEYS */;
INSERT INTO `user_roles` VALUES (33,3),(45,2);
/*!40000 ALTER TABLE `user_roles` ENABLE KEYS */;
UNLOCK TABLES;

--
-- Table structure for table `users`
--

DROP TABLE IF EXISTS `users`;
/*!40101 SET @saved_cs_client     = @@character_set_client */;
/*!40101 SET character_set_client = utf8 */;
CREATE TABLE `users` (
  `id` bigint(20) unsigned NOT NULL AUTO_INCREMENT,
  `role_id` bigint(20) unsigned DEFAULT NULL,
  `name` varchar(255) COLLATE utf8mb4_unicode_ci NOT NULL,
  `email` varchar(255) COLLATE utf8mb4_unicode_ci DEFAULT NULL,
  `avatar` varchar(255) COLLATE utf8mb4_unicode_ci DEFAULT 'users/default.png',
  `email_verified_at` timestamp NULL DEFAULT NULL,
  `password` varchar(255) COLLATE utf8mb4_unicode_ci NOT NULL,
  `remember_token` varchar(100) COLLATE utf8mb4_unicode_ci DEFAULT NULL,
  `settings` text COLLATE utf8mb4_unicode_ci,
  `created_at` timestamp NULL DEFAULT NULL,
  `updated_at` timestamp NULL DEFAULT NULL,
  `phone` char(13) COLLATE utf8mb4_unicode_ci NOT NULL,
  `notification_Token` mediumtext COLLATE utf8mb4_unicode_ci,
  `vehicle_number` varchar(12) COLLATE utf8mb4_unicode_ci DEFAULT NULL,
  `address` mediumtext COLLATE utf8mb4_unicode_ci,
  PRIMARY KEY (`id`),
  UNIQUE KEY `users_phone_unique` (`phone`),
  UNIQUE KEY `users_email_unique` (`email`),
  KEY `users_role_id_foreign` (`role_id`),
  CONSTRAINT `users_role_id_foreign` FOREIGN KEY (`role_id`) REFERENCES `roles` (`id`)
) ENGINE=InnoDB AUTO_INCREMENT=72 DEFAULT CHARSET=utf8mb4 COLLATE=utf8mb4_unicode_ci;
/*!40101 SET character_set_client = @saved_cs_client */;

--
-- Dumping data for table `users`
--

LOCK TABLES `users` WRITE;
/*!40000 ALTER TABLE `users` DISABLE KEYS */;
INSERT INTO `users` VALUES (1,1,'ODEYA RAJ','admin@email.com','users/June2020/i6lM4eU5jROFJOyav4jP.png','2020-06-11 09:55:00','$2y$10$apGsgutONTqWj7TkXfFmBu9jHSLeXktMp8aR2mxIwP4202anTgdQq','GTWvuAKeABLrjHJoeZCk5hT5iPJqObtvSRxQUev2ivZiS0T9fbs4vJSurDyb','{\"locale\":\"en\"}','2020-05-17 02:10:34','2020-06-28 20:20:53','7717751691',NULL,NULL,NULL),(12,3,'damon2','customer3@mail.com','users/June2020/mTIKVCasvxfRd84J4SAp.jpg','2020-06-11 09:14:00','$2y$10$.2ie4ywipEMfwp0694Hla.PG4vQprDgGUKGhPhVFGQPk57djNoNBG',NULL,NULL,'2020-05-22 09:39:00','2020-06-11 09:14:28','9876543210','jdhfkshj',NULL,NULL),(18,2,'delivery','delivery3@email.com','users/June2020/TGDKscMOLt1C05teGoJa.jpg','2020-06-11 09:55:00','$2y$10$5KVRfov3DuBFaTDLCsaAxOgUyCKstNhZzb74DOxo6NN810TzV9ea2',NULL,NULL,'2020-06-01 12:39:25','2020-06-20 10:54:03','1232423345',NULL,'qwerty1233',NULL),(20,3,'A','atulpatare99@gmail.com','users/Qu055M6d6G.png','2020-06-11 09:54:00','$2y$10$OL9yPZiTKQC/0w3ocLQ9l.NpnNpc3d5JylhHAhXJpkSktEnOfkZhe',NULL,NULL,'2020-06-01 13:14:53','2020-06-11 09:54:37','7756097366','fnYeRYSUszU:APA91bGryfg6Hk2kLY-WcwIWCNQDziveNiXzNihlgLktAItfpD1rYJH6_voShiQoRy4NHURrXf8aB-QnxSMFd71taTTWzlVQ7ydV9qkCg3XS064vTEjnKCDcVtD2Fmd4iayOxj1zBxnP',NULL,NULL),(24,2,'gh','cv@gmail.com','users/June2020/aQMApulgcjU7Zqxi0UQm.jpg','2020-06-11 09:54:00','$2y$10$duxR/E4C3Gkgqv82l6smwuAYySu3ApUmeLA4x6vBRlrsGOqM1MjtC',NULL,NULL,'2020-06-05 20:58:54','2020-06-11 09:54:05','9966803822','cxt7SKSN59I:APA91bFMckCYtv3v1emAiKodDphZ7v2zAALfJ4XvVO9V5G6WLOD4rA8mvDjYShNSf26bKgNpPFmhbz_8E6CsLCLw8NTaGa4mLQKKKw6DrDeRotvO3ntGszNhrt7l_uZxG2Nwi7HD3zTP','KN12GH2424',NULL),(27,2,'rajj','raju@xyzz.com','users/June2020/xoRDYfALLHuPFSs1QcZV.jpg','2020-06-11 09:53:00','$2y$10$Fs.eA/KBdzApvmmQ5CrdOu1eyZ/B9CI4AYLPIioUc4kbld0VfQtqe',NULL,NULL,'2020-06-09 15:35:36','2020-06-11 09:53:34','8884799486','eOZneLK7l4g:APA91bGbjbi0jQ0cuadXVo-miWvj-hxaJWwEH6P3ENiEFpkqpXkHsV0_G1OTYghfLo4Pd8BJ-IYlY51hz33EUqvgE0BwVJrvpHcMWt545w5EKLzXsW3EwHC7hXAiim0Zvw2WrHmiVyyo','KA53MB345678',NULL),(33,3,'customer4','customer4@email.com','users/June2020/x1cbKn3QTm5PTiGxM6R2.jpg','2020-06-11 20:51:00','$2y$10$FV2MjThIE/Ttbt41KgmkGOIb0ghiTa7zrKWv7ye7vvUtZNKVBfTii',NULL,NULL,'2020-06-11 12:36:50','2020-06-17 22:02:41','9472256831','cY1cmr88LS0:APA91bFMjDkLfIOV457burEkA7aZtx9lXo2ToMTBKW0De0F3MH4bmdoD9f6WCL6mSSGuWN-w7dx9_kn8p-S05eUbVh9SMQEGUPtj6wbbI5b05aINVst5bkQZuiTNftpw2kZtfx8jRMdD',NULL,NULL),(34,3,'Tejuswini M','9tejuswini3@gmail.com','users/default.png','2020-06-16 12:57:00','$2y$10$VZ3Zilmt1qg4tnDGlSbe/OLXRNKeUQdAnki4kQX2AeZ1tsTdnSt4u',NULL,NULL,'2020-06-16 11:56:58','2020-06-16 12:57:13','9739702411','cR8rLEHjTrqDuKCuu52Nff:APA91bHTGjKpmed8rrv1VqpyNxst81fcLlLJ8xIrE15-NiCCgdOPWdy2Xa2Kt3WEqCo7YKHs3DiueEcuxKJDwI1yA3Qa7kotcxYugE3sAQz5Thgl1ibnKghaKdNWTi3gpBJhOVwIB8oT',NULL,NULL),(36,3,'customer',NULL,'users/default.png',NULL,'$2y$10$tC3JihhZvAuJ4KWVzo.UYO7KJVfCCVhnqXQVTI6HoxYKt5ZbnWnba',NULL,NULL,'2020-06-20 10:58:51','2020-06-20 10:58:51','1234567890',NULL,NULL,NULL),(37,2,'ap',NULL,'users/default.png',NULL,'$2y$10$lkqiSFVJEZJ0X/H937TnOe2DiOC4IB7CRu9cNcnZQMSPQ6wNXQSv6',NULL,NULL,'2020-06-20 11:57:58','2020-06-20 11:57:58','7756097399','dsZiIfv_5Ys:APA91bFJTAAFuEMHdQ6Rmglr2B9guVw_vX_CtlHqfAHUN05D153thb-a00-nS2-dJmc6qRPxYqGpubdgQkaf0O3NOvH2P4FsBSeNYi4Al29Y6ZFQEh0-jF7fa5dQWqGhUrELlXv2b8UY','MH12AS1234',NULL),(38,3,'nagesh',NULL,'users/June2020/Rh3I7Vzoi7FKHn8tPZt7.jpg',NULL,'$2y$10$0d1HXZowP9zpARmhYyrVq.zodPpm5tnZm.KxQbJPPfXZ5jZ4CzGjm',NULL,NULL,'2020-06-20 14:36:37','2020-06-28 16:47:12','7795952642','d-rMIXqgRwuTPEtk7oVUZH:APA91bF_EA96xcU9cVce4Cy0gNV1I5kDvZledkqpzUFHzsc1J7E6LyM_h17ic2CcakizsBfysYVZQ0LILw-Rb13AuHwntnimhjA-7xOpa9tZt6U3Y-RQ9jHGRUt-qjNy7OYvNCEVae0x',NULL,NULL),(39,3,'so',NULL,'users/June2020/bVlFaw3M1BEmSsVdIU7e.jpg',NULL,'$2y$10$vmg00ppojXgZVYXP856QMenlEN97Ok8f2JstVVe05Xb8N/uQFuVBO',NULL,NULL,'2020-06-20 19:15:58','2020-06-28 16:47:35','1234567891','dV3y9kuEShGm6tUvyTXmfF:APA91bE6vaIfZQws0vL_Oxkf2alHbuzT6uAIUWcsJDBOQca0ZptM3OQZ6Tssct18_mNbI1K6ntbB6hInpChb8BLlVKP5wNXfG8pWipviZH5N1qT2pa4KOXUEc8sWfja2bS9iTwoIRE9K',NULL,NULL),(40,3,'Thyagaraj V.','tyagu5161v@gmail.com','users/June2020/IRmv0STiIMqDkm1i0VeD.jpg',NULL,'$2y$10$NdPdWNV5LTG7WcGvjcptYeGqlc/WoU/ei6nk.Oxq424hlT//kvS8K',NULL,NULL,'2020-06-22 21:19:04','2020-06-27 21:31:39','9844436615','evcu81WJQ0isPQ0yDua-3-:APA91bFinFr8-v6owAgx_kglq23_Lu_kH1CjrPbmhk6DrXonLHu4CEIAvAtObgjWnqKKK4Kws2ZWg7i3XMXwkISQzmVrfpOgG2EDWP-Lo_9PL7wtUnw8-EDKBkEHkoK0Mm_SnuxQSvKK',NULL,NULL),(42,3,'bh',NULL,'users/June2020/dL4pVxDFB7CPjgKxrTU7.jpg',NULL,'$2y$10$BZv5HjwcfjH1a9nWzFBQsOg.LrfJnt7C/4XDfgEuvTWLe/1D1nN6W',NULL,NULL,'2020-06-28 22:13:20','2020-06-29 11:56:24','9071815151','dO_xL5sURFqjpFtcw2sCGF:APA91bG66rxHFHTdNKVOH_jEKuyEXEcLEJ1dSoNTSvwQlD31XZnctSaF9Mhb9jSHvL0tEOiISOk8zGXIo9mNsJANju4Kc_Iyw7Zhf-7OJ-xbxmoAgbKolQ6zLQt7m92xXfgxUUmUG1n3',NULL,NULL),(43,3,'B. G. printers',NULL,'users/June2020/5ScYrndapEjIrEytrlMV.jpg',NULL,'$2y$10$xTK2bkB1fJ3/7QtSkiCtX.TXht.FGtoptQHuBCb1MV.gZz.PBj3mm',NULL,NULL,'2020-06-30 12:55:22','2020-06-30 13:20:50','9845270114','clk9wLZiTyCGUrhzsnvLAc:APA91bHtHHC7WrdOjZC2NaylXJCfLnM8pAsf_VcnCotZBFOO-eoKRIl18kzO1wmOK6wznIfJd-jOlusosBo6KUlMyw4LutsgKUWZ4vDcnB4-AcKo3Uz9ur3RM74kZaH7vUHNLUIIbVmo',NULL,NULL),(44,3,'Pradeep',NULL,'users/July2020/G7xyfpMEI0f8FvdI7Ho9.jpg',NULL,'$2y$10$WVyEa94Ekvb57EKW3IeV.eoPahlPOQNMDp4Q6Wag752V1oTn5d4vy',NULL,NULL,'2020-07-01 13:12:36','2020-07-06 10:29:10','9731955514','cOhdCS9iS7a_P67lDEXpXJ:APA91bGH9jfE7_mMNVGuCrV2jV_hZXV9UmeWOyebImhfQGloT6S6PcoR-mqP8MCQwB1aYh5LkT6oor34Td9TGRGh7aKh1esqJ-fCzxMavhn9eJ_ZvGZXksDo61cuDuBuJb141nZymXF0',NULL,NULL),(45,2,'odeya',NULL,'users/July2020/jr1LFCO2MJVQ18YQo99A.jpg',NULL,'$2y$10$yJ5LpLkeh0Klzj0baWOM.OUdmcB8J0KVXVKqAgSXDdvPHRqw4o4vW',NULL,NULL,'2020-07-07 21:17:14','2020-07-08 19:25:25','9900766476','cV_slysTTm23HhCap-sy2l:APA91bHLJg0gNkcLt7UrUHaD9cb4Rylwqk9j366mqJ7Ef4oawbHjj8Stn_O848FxNq1auJk5OYHdv2GR0xqZ5vysj3qkprQdaVfteCOrVeyWxaLxXRcB2axUYoHELKmNGUU_l3DDMXXo','KA25ES4646',NULL),(46,2,'vk',NULL,'users/default.png',NULL,'$2y$10$xwp2jKcRatSMj1v9xus8feuGrini/titmAwyUG0b85.tOqdQhHFRm',NULL,NULL,'2020-07-08 14:32:30','2020-07-08 14:32:30','6302362937','drtwMKYTSOKoWLQjq-9YRr:APA91bGDR0sgfw61SPltDrcB2c0DZLrvT_DvX3AHJrIfRVGaxe7yK88wvrH_LSTEa2DLQnh5_kWCrurbQ1tdlnE-j3jr2jR86QwSKtTz5CO-fHbVNfmJQMSQNAcVZQuess35qLIChcyF','KN11AG1234',NULL),(47,3,'Satish Devgiri',NULL,'users/default.png',NULL,'$2y$10$Cizpfw4TGq6pGj6pEXt0GeN3wT/rIFz83njsqvZskO/TUL9KVHMFi',NULL,NULL,'2020-07-08 14:34:30','2020-07-08 14:34:30','9449682718','flbQSLKfRoqBCFj1D1GGaT:APA91bGbD4G2qwScS9jZ2bkoc43ELsRUEfqahu5Q1hXZuwxAJjqetrXKQsR2FRpq2HXwqCmPlZ86pDeFcJQ6MEQnMypSC0OWzWGUuXA5eYp0lbi_Tw_f8zUANnOR76nWAN5yRnJeIXcf',NULL,NULL),(49,3,'kavya',NULL,'users/default.png',NULL,'$2y$10$pyW8A6LX53c8rHvx.Yprd.bPzjEn7sak6H8lFWu2PSJLL8XXvwTCa',NULL,NULL,'2020-07-08 16:43:06','2020-07-08 16:43:06','7892863136','dqURxFUlRfmQHR9YYCLaG-:APA91bEruzzeLBzflIhzqUCVOoxXHlz1e4q0QlL4q8Uvs0bzbSmr4x13VbOKD511JP3C0GEYOl3netXrgpapbm8xoVoyQX1MCcERZyULE6GEw0Mb34l8KuLtVbxZ3sRqeYfYyNdFSxfb',NULL,NULL),(50,3,'srikanth agnihotri',NULL,'users/default.png',NULL,'$2y$10$0HVa1Ioyo30JZ1aDwB5Z6umU8IRwwe5aC9Sr1KRIMExmbz1n/fOJe',NULL,NULL,'2020-07-08 18:21:51','2020-07-08 18:21:51','9482181484','cczIoeBgQA-2V7R73Wx6yN:APA91bEOBgx15s4-k_G_IOq_CqQvm53upARdBVNnzMzjet2eo8bXrnYxya6BsUEiQ2yskzpG_i0irwTD5LDuvy4kCLUqqsLGG1BRpGoInYf5dC3lOM1LbEacfQau_mfzFY-k2-AX4j2F',NULL,NULL),(51,3,'shubham',NULL,'users/default.png',NULL,'$2y$10$39awvel1VDYThNchRG1h1u.18M5Y0Oj3w0CM/PJYTiJPAdrxjUp9e',NULL,NULL,'2020-07-12 12:38:43','2020-07-12 12:38:43','8792680990','cZExIIfwT8-A6tn3GaHc-S:APA91bHpTSd2Enix0_P31ClMjiKpESwOpgk85qMxukQaq3Frb3uWQ6mvFmIfuMTNQ123h1nDqNoB2fgLYOf4yikoemLMIVVTwZgH6oqVd3UzKj70tbcRWjHyetfDh6SjPONYTFagBEvl',NULL,NULL),(52,3,'manthan',NULL,'users/default.png',NULL,'$2y$10$F8z3oCJPvOoIXC6iEr6FveY5Y6XHHSviknswvJL1yWtY7TIhfBTY.',NULL,NULL,'2020-07-12 12:38:53','2020-07-12 12:38:53','9380809926','cLDdUNsfT0GoMKKNEHCbLF:APA91bGnHKmKsicHfbpeUV3GuKOjBLZt3CXV4gVw9qEKtaqKWND6aH9qcHtn4m3Q1WjxpBwZfrEE58SNSh6kUDllNxJuAgoXrdfVUXTUqhn6kMdM1pT15dZW_FqCpWj26V95VqLRVV0A',NULL,NULL),(53,3,'HARISH S KOTANK',NULL,'users/default.png',NULL,'$2y$10$7NVWhlAxAYnb7F6YKjaVKO/Lo3vglk4tEmjcOEYopwBs6WFVsW1FS',NULL,NULL,'2020-07-12 13:59:20','2020-07-12 13:59:20','8792323752','c2KAoiYpSFiZJ97jt1DwaK:APA91bG9F5XG2QILGdu9lp-yUrWQPp0dGeXuNroGRMivcfNy2AhuaOT3cWrJAaz1tgvtjjuEHhNRq6nIR2zTXON3gTWq10oL3f_N4TQNQdV0hJs2YrmTLobzg-kQMIUzxH3pIkiz-DoK',NULL,NULL),(54,3,'raju',NULL,'users/default.png',NULL,'$2y$10$aGObzpL6UU.iOqEK8CGkq.bgcZAKW2NA8dpgVPuSp9cs9Z4lv7n9S',NULL,NULL,'2020-07-12 14:51:35','2020-07-12 14:51:35','8095037333','ffWQOr3zTIWmOXX4pCEVEG:APA91bGsLJJzkbjrDOHZFSouwAHlUZSO1PAp0c8BI_hVTzsJz4TaLaS85sl2t7ShTncFGtbK1dqYv8ZeyC2cukpu6Uo5vOBkV8UD4vcXGLSVJ_xCCcciEaBXoa5-iyhqd-cA6LsLeWLD',NULL,NULL),(55,3,'Vamshi',NULL,'users/default.png',NULL,'$2y$10$9OIDcgzauJXUCFMJMYnaZ.KbvcTPXj3Z8tbcztC86bfdItKidRERe',NULL,NULL,'2020-07-12 14:58:03','2020-07-18 11:03:53','7337763918','c3lfaXaOSV-8vMHdH2bAyf:APA91bEpReFw_uHzSs0Jee1GvDSwFN-wmBTvL6QUcFTMEXMMEteCg0Kik9Q3zQkQb7HKgKEB82pzxdTWTfHazhlGEubu__AR9yGlhr9wDgiht0PZXx25DEv7q5f04M0saxrpC9RIKjZ8',NULL,NULL),(56,3,'krishna',NULL,'users/default.png',NULL,'$2y$10$46NnUawHOA4w5FvHMGatTuLyxgL9V5.TP1KCTn7nQeimEjegbzhUy',NULL,NULL,'2020-07-12 14:58:11','2020-07-12 14:58:11','8887499486','cfeJUdlHTcKqg6MNZd4VQn:APA91bFOOQMNofmYuixSYN6a0rUsLUaeb-usKbelAtANxe4dohILUSc6c19Qhzw7yxFbWX8S6CT7Z0-rrFvHlAOe_rsPGQQT-5fMrndQlWRXBltvEmVErqfkg6dWsjNBCRMEyhyeaDxo',NULL,NULL),(57,2,'customer4',NULL,'users/default.png',NULL,'$2y$10$y7E7QGYkZfMC/1OpFJV2Qucd8znv8XOREvN17nxgYPYYDu3jjIT7K',NULL,NULL,'2020-07-12 20:21:47','2020-07-12 20:21:47','1234567899',NULL,NULL,'new address'),(58,3,'adfgg',NULL,'users/default.png',NULL,'$2y$10$2q2uylRhY37ddPWJ5.5feuRpzzRq1qSpblKu8XsValeV2VrMDQVYm',NULL,NULL,'2020-07-12 20:28:15','2020-07-12 20:28:15','7756097266','fmIWhy-3QdnfJxjnfsJ3J7:APA91bEp2qE4dLJQrrq3uFE1WcvKVPAuH4t88HsMpSRhtg3dZO_3kWe0L-ZYgNajAe_OUysxAaxgOwiZNxdPweb6X5ehyiWyH60SkQBtqofM3sxfH7INLmmWo1Xd8c86Nqt7EfwD8F33',NULL,'House/Flat : 12 Ward : 15 Street : Dfhn\nHh Landmark : Vvh Area : Fgh'),(59,2,'vgh',NULL,'users/default.png',NULL,'$2y$10$ppRUFhJwrKoCT7gL9rgoSefvoCGb80ANIVIXNzzWVTVwflK2C2.qm',NULL,NULL,'2020-07-12 21:25:05','2020-07-12 21:25:05','7758097366','dsZiIfv_5Ys:APA91bFJTAAFuEMHdQ6Rmglr2B9guVw_vX_CtlHqfAHUN05D153thb-a00-nS2-dJmc6qRPxYqGpubdgQkaf0O3NOvH2P4FsBSeNYi4Al29Y6ZFQEh0-jF7fa5dQWqGhUrELlXv2b8UY','xcgg','DBJMSityMart'),(60,3,'haneef',NULL,'users/default.png',NULL,'$2y$10$b8GJzDH7V9vw2WBBXnkT.eHnCGq3HR4OHY3hGImMurfvz/hHRzuFm',NULL,NULL,'2020-07-13 10:42:27','2020-07-13 10:42:27','8884799485','fkE2MpuIS8q-6D26b5ASFA:APA91bGZiueeMrZl9LvpBGlM_XPw-3HaAaB-8N1KK_zQnCYY6nEqFZRXfhwoBC6KJc2oLgLrNEWPm1tSXaKqH7-D8XHwUO241bUOLaoSc-6dLVeZ9Hf_B4vhZOK0s1MhzZvwvRbci7ZK',NULL,'House/Flat : 555 Ward : 239 Street : Abc Landmark : Water Area : Kar'),(61,3,'yash',NULL,'users/default.png',NULL,'$2y$10$FjBSZkxook3xdA3ZOJ4cnuH1j1fkm.G.tcJrh62TD8rVRwfiAzAgi',NULL,NULL,'2020-07-14 06:42:36','2020-07-14 06:42:36','9845263985','c_Qqr8xNTjy3QDwY7_HROV:APA91bENxqnKr_ktPBuqcqsW9EwhySQPo45BOQPeu_aLHoOtBjB6zCBlNqxd1CR3B_AcoFmI4QTVG_qS3eNI_SO6hoQlOWo6IWbRAl3_MtUKsGW9xBAl6hX44wuusP_llAXMqIlE-AhR',NULL,'House/Flat : 66 Ward : 88 Street : Ggg Landmark : Ggg Area : Bbh'),(62,3,'Rajuuu7778997',NULL,'users/default.png',NULL,'$2y$10$CiSVW5vN9yLiDcACiHvUK.2aFzKI.jt9JhczDVjSSGTG4BduWIeb6',NULL,NULL,'2020-07-14 11:53:56','2020-07-14 11:53:56','1234567893','d8XXu2CmTnyV80KnOzUgfm:APA91bHjFjng-L7BySXNB7SSfytQ-NyN-kjaBb8cDU4botJRU53HAscflHzrkW0qiN_DMquXJhaLqdPjqsQ3-w2I9RAd0K9R5QeFdQBq2XpEp6j79IhRk8hGUFx1wX5y6bdHsqVCtBm4',NULL,'House/Flat : 2255 Ward : 6688 Street : Hh Landmark : Jj Area : Hja'),(63,3,'nagesh',NULL,'users/default.png',NULL,'$2y$10$EfOY/LDGAPO4EvyCf.Tu7ufS61/iBr3i7vfUiL83NpweMA1iUZl3.',NULL,NULL,'2020-07-16 18:27:24','2020-07-16 18:27:24','8888888888','fDr6e4jMRayB8I9iiTpfbX:APA91bF7EoRqCLSNB_WLAEWL_M6OkJw0a4cSK7_7OA2uyRIecdCywpC3BhiYLcpuMvDo1asXT2vkAd57Vox1rWxMiXwmQTu0p5AtmbnmQGWslEDKH4RXlJ0sRIHcFSkOp64NfmCnlpG8',NULL,'House/Flat : 666 Ward : 969 Street : 6676 Landmark :  Area :'),(64,3,'nagesh',NULL,'users/default.png',NULL,'$2y$10$RgRAxpXiCNGYujMp3pc2UunSCPqqdSEOaNRzOauB1Vz0JfTTwPdx2',NULL,NULL,'2020-07-16 18:30:54','2020-07-16 18:30:54','8888888563','fDr6e4jMRayB8I9iiTpfbX:APA91bF7EoRqCLSNB_WLAEWL_M6OkJw0a4cSK7_7OA2uyRIecdCywpC3BhiYLcpuMvDo1asXT2vkAd57Vox1rWxMiXwmQTu0p5AtmbnmQGWslEDKH4RXlJ0sRIHcFSkOp64NfmCnlpG8',NULL,'House/Flat : 666 Ward : 969 Street : 6676 Landmark :  Area :'),(65,3,'ggg',NULL,'users/default.png',NULL,'$2y$10$KkutFhIQIY4E8wxp0HRqP.nvCezUA3t3wY5spWVCLUKEWQT9cQ2mq',NULL,NULL,'2020-07-16 19:13:37','2020-07-16 19:13:37','9999666355','dHjyXW5AR72CjPjOmgXaAL:APA91bGZHNiamzUymTbBO6yQTzQVpWtg9TA0271X4c1mbCaN-DlTJWFxp4xO26z2Vc3QCXMIGrGD0VhavWmMh_nqagO3e1PK1cWS4FxwCJ2wIyCE04jGvtme4GTna-v6mNg-T-4T7cBm',NULL,'House/Flat : 55 Ward : 9999 Street : Ccvv Landmark : Jjjjj Area : Cccc'),(66,3,'raju',NULL,'users/default.png',NULL,'$2y$10$0NOQtA8NayDsbC.uUvvsouKs3RVq1z5134aGUgUZCyrn3HOz0eL2C',NULL,NULL,'2020-07-18 19:44:25','2020-07-18 19:44:25','9236985478','e3HUOIWhSfWK8zfKeMHV0A:APA91bF1UiRN9m2MAjXAvyySTLbBK4OMfh9-jHfzSCrjYHJMycJFms5On2JgZZ_QqkXHjUqSdssKIzdBXVz9XGaaJHkynTgiFwkyRFnH-2BaHyuOMZ-wsPeYu09I7QjzIJYsxPDGLXJa',NULL,'House/Flat : 66 Ward : 666 Street : Gggg Landmark : 666 Area : Hhh'),(67,3,'kkkkk',NULL,'users/default.png',NULL,'$2y$10$mc/j.mChBlFIoZTs9cC8feN.I2Dn/wjTxcmsbzjOr6w/U7a8KoTQ6',NULL,NULL,'2020-07-19 12:13:24','2020-07-19 12:13:24','9632587496','ea7HIt7sRtuwVcoWAudItK:APA91bFT0R4mkt1kTpF3Pay3nHI1Bl2u--ROpNsN7RLHYSAaaQgDcmJ3PsJ1r4XNEXfWo3nbAEujnvuR6cLKKnZhahDwRCfXU9lskAC1MUutNPk6SgtZmBQJ7U9SmrMbBm_JYl-ni5CH',NULL,'House/Flat : 999 Ward : 999 Street : Vggg Landmark : Bbhh Area : Hhhh'),(68,3,'hhh',NULL,'users/default.png',NULL,'$2y$10$6.oYXvhKwse5tKEmQHm2VuBs6EOAuA5VvvDL3V8s5AJdl16OrCsg2',NULL,NULL,'2020-07-20 13:48:56','2020-07-20 13:48:56','9632587411','doUNoV7PSkW1xH0wEQwQMq:APA91bEcTtqYqvlemmBcP5-srkYnNJPjv43cpEeK8RstQ3XD_ECcM4d6pJ3-xES5gNaeboob5GG-IS_n89VRC-ekcRkrE5aYf8x8c9IhEZpFBJk0Fey8RPuvrQ5Rtv-iSEG9dsF7Dy6L',NULL,'House/Flat : 9 Ward : 9 Street : Bv Landmark : Bbh Area : Bvv'),(69,3,'jjjj',NULL,'users/default.png',NULL,'$2y$10$44x7QYwiyIgTI4zgFsbTDeQtL.fDq0PnXK9mHHMjPDr585YGp6gDO',NULL,NULL,'2020-07-20 14:53:14','2020-07-20 14:53:14','9632587445','cIM62LUARsqKEVzmSedcKt:APA91bG9M87HXqdyPFq-pDxc3pEOgqV0V-QR79wXpiEMTXYSs8StjTcEYRBbF1sVkyoSNuJAcWNXgSovpCpGvJehLryRtoKLDIPxJ92R_YFsF-w-RFUUfBQ7j4PbdIeCZ1_0BTNDxU9-',NULL,'House/Flat : 66 Ward : 99 Street : Bb Landmark : Bhh Area : Hhh'),(71,4,'partner','partner@email.com','users/default.png',NULL,'$2y$10$hh7po9UpUhE2UT2xCl8qJ.8IIfZxq8xNyzNoBOpmRZMv7OqC68yiy','HIOl0cabj3GhcX6DXSwBDeFVBKjH64vpwVFIgKsQpWAZ4W0fBCz7hn2RORPP',NULL,'2020-08-16 19:28:25','2020-08-16 19:28:25','7717751692',NULL,NULL,NULL);
/*!40000 ALTER TABLE `users` ENABLE KEYS */;
UNLOCK TABLES;
/*!40103 SET TIME_ZONE=@OLD_TIME_ZONE */;

/*!40101 SET SQL_MODE=@OLD_SQL_MODE */;
/*!40014 SET FOREIGN_KEY_CHECKS=@OLD_FOREIGN_KEY_CHECKS */;
/*!40014 SET UNIQUE_CHECKS=@OLD_UNIQUE_CHECKS */;
/*!40101 SET CHARACTER_SET_CLIENT=@OLD_CHARACTER_SET_CLIENT */;
/*!40101 SET CHARACTER_SET_RESULTS=@OLD_CHARACTER_SET_RESULTS */;
/*!40101 SET COLLATION_CONNECTION=@OLD_COLLATION_CONNECTION */;
/*!40111 SET SQL_NOTES=@OLD_SQL_NOTES */;

-- Dump completed on 2020-08-17  9:16:45
